symbol,exchange,date,price,30d iv call,30d iv put,30d iv mean,60d iv call,60d iv put,60d iv mean,90d iv call,90d iv put,90d iv mean,120d iv call,120d iv put,120d iv mean,150d iv call,150d iv put,150d iv mean,180d iv call,180d iv put,180d iv mean,270d iv call,270d iv put,270d iv mean,360d iv call,360d iv put,360d iv mean,720d iv call,720d iv put,720d iv mean,1080d iv call,1080d iv put,1080d iv mean
AAPL,NASDAQ,09/19/14,100.96,0.2427,0.2312,0.2369,0.2688,0.2550,0.2619,0.2527,0.2408,0.2468,0.2436,0.2343,0.2390,0.2512,0.2397,0.2454,0.2561,0.2431,0.2496,0.2654,0.2536,0.2595,0.2743,0.2623,0.2683,0.3025,0.2727,0.2876,0.3085,0.2736,0.2910
AAPL,NASDAQ,09/18/14,101.79,0.2234,0.2225,0.2230,0.2584,0.2549,0.2566,0.2456,0.2411,0.2433,0.2377,0.2334,0.2355,0.2451,0.2408,0.2430,0.2500,0.2455,0.2478,0.2597,0.2561,0.2579,0.2695,0.2645,0.2670,0.3010,0.2747,0.2878,0.3078,0.2755,0.2916
AAPL,NASDAQ,09/17/14,101.58,0.2233,0.2197,0.2215,0.2646,0.2574,0.2610,0.2505,0.2445,0.2475,0.2420,0.2358,0.2389,0.2488,0.2424,0.2456,0.2536,0.2471,0.2503,0.2631,0.2575,0.2603,0.2722,0.2663,0.2693,0.3016,0.2773,0.2895,0.3080,0.2782,0.2931
AAPL,NASDAQ,09/16/14,100.86,0.2354,0.2343,0.2349,0.2707,0.2654,0.2681,0.2569,0.2517,0.2543,0.2490,0.2436,0.2463,0.2548,0.2490,0.2519,0.2592,0.2531,0.2561,0.2675,0.2615,0.2645,0.2764,0.2694,0.2729,0.3025,0.2806,0.2915,0.3078,0.2817,0.2948
AAPL,NASDAQ,09/15/14,101.63,0.2360,0.2372,0.2366,0.2696,0.2689,0.2693,0.2554,0.2541,0.2548,0.2473,0.2451,0.2462,0.2519,0.2496,0.2508,0.2559,0.2535,0.2547,0.2639,0.2614,0.2627,0.2734,0.2691,0.2712,0.3029,0.2790,0.2909,0.3091,0.2797,0.2944
AAPL,NASDAQ,09/12/14,101.66,0.2444,0.2411,0.2427,0.2723,0.2679,0.2701,0.2571,0.2518,0.2545,0.2475,0.2424,0.2450,0.2506,0.2455,0.2481,0.2545,0.2493,0.2519,0.2625,0.2578,0.2602,0.2720,0.2666,0.2693,0.2826,0.2759,0.2793,0.2826,0.2759,0.2793
AAPL,NASDAQ,09/11/14,101.43,0.2363,0.2398,0.2380,0.2653,0.2660,0.2657,0.2492,0.2475,0.2484,0.2406,0.2381,0.2394,0.2438,0.2410,0.2424,0.2478,0.2449,0.2464,0.2575,0.2548,0.2562,0.2677,0.2644,0.2660,0.2785,0.2741,0.2763,0.2785,0.2741,0.2763
AAPL,NASDAQ,09/10/14,101,0.2386,0.2385,0.2386,0.2601,0.2586,0.2593,0.2485,0.2467,0.2476,0.2397,0.2368,0.2382,0.2429,0.2391,0.2410,0.2474,0.2431,0.2452,0.2566,0.2530,0.2548,0.2661,0.2618,0.2639,0.2768,0.2704,0.2736,0.2768,0.2704,0.2736
AAPL,NASDAQ,09/09/14,97.99,0.2639,0.2600,0.2620,0.2814,0.2722,0.2768,0.2624,0.2564,0.2594,0.2524,0.2466,0.2495,0.2527,0.2468,0.2497,0.2548,0.2489,0.2518,0.2607,0.2549,0.2578,0.2691,0.2623,0.2657,0.2792,0.2705,0.2748,0.2792,0.2705,0.2748
AAPL,NASDAQ,09/08/14,98.36,0.2886,0.2884,0.2885,0.2872,0.2847,0.2860,0.2693,0.2658,0.2676,0.2569,0.2535,0.2552,0.2556,0.2517,0.2536,0.2571,0.2526,0.2548,0.2615,0.2579,0.2597,0.2680,0.2647,0.2664,0.2759,0.2719,0.2739,0.2759,0.2719,0.2739
AAPL,NASDAQ,09/05/14,98.97,0.2847,0.2868,0.2858,0.2780,0.2767,0.2773,0.2670,0.2635,0.2652,0.2553,0.2517,0.2535,0.2535,0.2501,0.2518,0.2550,0.2518,0.2534,0.2582,0.2581,0.2581,0.2647,0.2647,0.2647,0.2749,0.2715,0.2732,0.2749,0.2715,0.2732
AAPL,NASDAQ,09/04/14,98.12,0.2942,0.2904,0.2923,0.2829,0.2781,0.2805,0.2718,0.2656,0.2687,0.2572,0.2522,0.2547,0.2536,0.2491,0.2513,0.2550,0.2504,0.2527,0.2592,0.2553,0.2573,0.2662,0.2620,0.2641,0.2757,0.2700,0.2729,0.2757,0.2700,0.2729
AAPL,NASDAQ,09/03/14,98.94,0.3021,0.3023,0.3022,0.2776,0.2746,0.2761,0.2703,0.2665,0.2684,0.2564,0.2529,0.2547,0.2541,0.2504,0.2523,0.2565,0.2528,0.2546,0.2615,0.2579,0.2597,0.2668,0.2630,0.2649,0.2737,0.2691,0.2714,0.2737,0.2691,0.2714
AAPL,NASDAQ,09/02/14,103.3,0.2407,0.2391,0.2399,0.2440,0.2415,0.2427,0.2484,0.2455,0.2469,0.2409,0.2375,0.2392,0.2419,0.2378,0.2398,0.2454,0.2417,0.2435,0.2526,0.2503,0.2514,0.2596,0.2576,0.2586,0.2680,0.2650,0.2665,0.2680,0.2650,0.2665
AAPL,NASDAQ,08/29/14,102.5,0.2436,0.2383,0.2410,0.2432,0.2378,0.2405,0.2505,0.2452,0.2479,0.2408,0.2350,0.2379,0.2397,0.2334,0.2366,0.2436,0.2375,0.2406,0.2515,0.2472,0.2494,0.2583,0.2552,0.2567,0.2661,0.2626,0.2643,0.2661,0.2626,0.2643
AAPL,NASDAQ,08/28/14,102.25,0.2445,0.2408,0.2426,0.2424,0.2382,0.2403,0.2511,0.2458,0.2485,0.2409,0.2361,0.2385,0.2382,0.2335,0.2359,0.2420,0.2376,0.2398,0.2506,0.2469,0.2488,0.2585,0.2550,0.2568,0.2670,0.2630,0.2650,0.2670,0.2630,0.2650
AAPL,NASDAQ,08/27/14,102.13,0.2350,0.2347,0.2349,0.2468,0.2438,0.2453,0.2589,0.2555,0.2572,0.2490,0.2457,0.2473,0.2454,0.2419,0.2437,0.2481,0.2450,0.2465,0.2546,0.2529,0.2537,0.2609,0.2599,0.2604,0.2678,0.2664,0.2671,0.2678,0.2664,0.2671
AAPL,NASDAQ,08/26/14,100.889,0.2297,0.2245,0.2271,0.2426,0.2371,0.2399,0.2576,0.2510,0.2543,0.2483,0.2421,0.2452,0.2454,0.2393,0.2423,0.2491,0.2431,0.2461,0.2565,0.2515,0.2540,0.2627,0.2584,0.2606,0.2702,0.2650,0.2676,0.2702,0.2650,0.2676
AAPL,NASDAQ,08/25/14,101.54,0.2338,0.2288,0.2313,0.2450,0.2393,0.2422,0.2604,0.2534,0.2569,0.2506,0.2445,0.2476,0.2465,0.2408,0.2437,0.2501,0.2443,0.2472,0.2573,0.2524,0.2549,0.2636,0.2592,0.2614,0.2705,0.2655,0.2680,0.2705,0.2655,0.2680
AAPL,NASDAQ,08/22/14,101.32,0.2266,0.2203,0.2234,0.2367,0.2304,0.2335,0.2565,0.2497,0.2531,0.2480,0.2406,0.2443,0.2439,0.2377,0.2408,0.2479,0.2415,0.2447,0.2557,0.2503,0.2530,0.2619,0.2580,0.2599,0.2687,0.2642,0.2665,0.2687,0.2642,0.2665
AAPL,NASDAQ,08/21/14,100.58,0.2269,0.2240,0.2254,0.2360,0.2338,0.2349,0.2562,0.2530,0.2546,0.2495,0.2461,0.2478,0.2454,0.2414,0.2434,0.2490,0.2451,0.2470,0.2560,0.2528,0.2544,0.2620,0.2593,0.2606,0.2693,0.2656,0.2675,0.2693,0.2656,0.2675
AAPL,NASDAQ,08/20/14,100.57,0.2312,0.2267,0.2290,0.2392,0.2340,0.2366,0.2603,0.2538,0.2570,0.2547,0.2482,0.2514,0.2503,0.2439,0.2471,0.2538,0.2476,0.2507,0.2604,0.2549,0.2577,0.2660,0.2608,0.2634,0.2735,0.2667,0.2701,0.2735,0.2667,0.2701
AAPL,NASDAQ,08/19/14,100.53,0.2335,0.2305,0.2320,0.2349,0.2325,0.2337,0.2560,0.2524,0.2542,0.2505,0.2474,0.2490,0.2454,0.2418,0.2436,0.2492,0.2459,0.2475,0.2558,0.2534,0.2546,0.2611,0.2591,0.2601,0.2691,0.2661,0.2676,0.2691,0.2661,0.2676
AAPL,NASDAQ,08/18/14,99.16,0.2364,0.2330,0.2347,0.2411,0.2373,0.2392,0.2604,0.2560,0.2582,0.2556,0.2510,0.2533,0.2513,0.2464,0.2488,0.2546,0.2498,0.2522,0.2622,0.2576,0.2599,0.2688,0.2642,0.2665,0.2746,0.2700,0.2723,0.2746,0.2700,0.2723
AAPL,NASDAQ,08/15/14,97.98,0.2377,0.2340,0.2359,0.2427,0.2379,0.2403,0.2641,0.2592,0.2617,0.2619,0.2569,0.2594,0.2563,0.2513,0.2538,0.2582,0.2537,0.2560,0.2650,0.2609,0.2630,0.2719,0.2673,0.2696,0.2781,0.2730,0.2756,0.2781,0.2730,0.2756
AAPL,NASDAQ,08/14/14,97.5,0.2279,0.2260,0.2269,0.2382,0.2356,0.2369,0.2595,0.2556,0.2575,0.2591,0.2547,0.2569,0.2547,0.2500,0.2523,0.2562,0.2516,0.2539,0.2624,0.2581,0.2603,0.2693,0.2649,0.2671,0.2754,0.2711,0.2733,0.2754,0.2711,0.2733
AAPL,NASDAQ,08/13/14,97.24,0.2331,0.2331,0.2331,0.2421,0.2411,0.2416,0.2634,0.2613,0.2623,0.2635,0.2610,0.2623,0.2584,0.2558,0.2571,0.2605,0.2577,0.2591,0.2680,0.2650,0.2665,0.2750,0.2719,0.2734,0.2813,0.2781,0.2797,0.2813,0.2781,0.2797
AAPL,NASDAQ,08/12/14,95.97,0.2459,0.2371,0.2415,0.2566,0.2492,0.2529,0.2743,0.2665,0.2704,0.2746,0.2666,0.2706,0.2697,0.2617,0.2657,0.2706,0.2628,0.2667,0.2759,0.2688,0.2724,0.2816,0.2751,0.2783,0.2867,0.2808,0.2837,0.2867,0.2808,0.2837
AAPL,NASDAQ,08/11/14,95.99,0.2468,0.2450,0.2459,0.2602,0.2579,0.2590,0.2766,0.2725,0.2746,0.2767,0.2722,0.2744,0.2710,0.2666,0.2688,0.2716,0.2673,0.2694,0.2771,0.2728,0.2750,0.2826,0.2784,0.2805,0.2877,0.2834,0.2856,0.2877,0.2834,0.2856
AAPL,NASDAQ,08/08/14,94.74,0.2378,0.2326,0.2352,0.2643,0.2592,0.2617,0.2791,0.2732,0.2762,0.2812,0.2749,0.2780,0.2748,0.2687,0.2718,0.2746,0.2689,0.2718,0.2800,0.2751,0.2775,0.2849,0.2807,0.2828,0.2894,0.2859,0.2877,0.2894,0.2859,0.2877
AAPL,NASDAQ,08/07/14,94.48,0.2391,0.2395,0.2393,0.2694,0.2677,0.2685,0.2827,0.2796,0.2812,0.2846,0.2813,0.2829,0.2777,0.2742,0.2760,0.2769,0.2735,0.2752,0.2815,0.2784,0.2799,0.2865,0.2835,0.2850,0.2912,0.2883,0.2897,0.2912,0.2883,0.2897
AAPL,NASDAQ,08/06/14,94.96,0.2327,0.2262,0.2295,0.2651,0.2597,0.2624,0.2766,0.2705,0.2736,0.2799,0.2732,0.2766,0.2734,0.2670,0.2702,0.2729,0.2666,0.2698,0.2785,0.2724,0.2755,0.2832,0.2773,0.2802,0.2876,0.2818,0.2847,0.2876,0.2818,0.2847
AAPL,NASDAQ,08/05/14,95.12,0.2373,0.2319,0.2346,0.2642,0.2582,0.2612,0.2740,0.2678,0.2709,0.2774,0.2709,0.2742,0.2714,0.2650,0.2682,0.2708,0.2645,0.2677,0.2762,0.2702,0.2732,0.2807,0.2751,0.2779,0.2850,0.2796,0.2823,0.2850,0.2796,0.2823
AAPL,NASDAQ,08/04/14,95.59,0.2282,0.2220,0.2251,0.2530,0.2456,0.2493,0.2668,0.2597,0.2633,0.2730,0.2655,0.2693,0.2679,0.2605,0.2642,0.2671,0.2600,0.2635,0.2714,0.2653,0.2684,0.2760,0.2702,0.2731,0.2804,0.2748,0.2776,0.2804,0.2748,0.2776
AAPL,NASDAQ,08/01/14,96.13,0.2393,0.2364,0.2379,0.2571,0.2532,0.2551,0.2669,0.2622,0.2645,0.2748,0.2695,0.2722,0.2685,0.2636,0.2660,0.2666,0.2620,0.2643,0.2710,0.2669,0.2690,0.2757,0.2711,0.2734,0.2801,0.2751,0.2776,0.2801,0.2751,0.2776
AAPL,NASDAQ,07/31/14,95.6,0.2343,0.2254,0.2298,0.2486,0.2426,0.2456,0.2614,0.2552,0.2583,0.2709,0.2637,0.2673,0.2650,0.2585,0.2617,0.2630,0.2567,0.2598,0.2670,0.2604,0.2637,0.2721,0.2656,0.2688,0.2769,0.2706,0.2738,0.2769,0.2706,0.2738
AAPL,NASDAQ,07/30/14,98.15,0.1994,0.1948,0.1971,0.2243,0.2200,0.2222,0.2394,0.2348,0.2371,0.2526,0.2466,0.2496,0.2479,0.2424,0.2451,0.2466,0.2414,0.2440,0.2528,0.2474,0.2501,0.2604,0.2545,0.2575,0.2677,0.2613,0.2645,0.2677,0.2613,0.2645
AAPL,NASDAQ,07/29/14,98.38,0.2057,0.2013,0.2035,0.2275,0.2221,0.2248,0.2401,0.2347,0.2374,0.2533,0.2473,0.2503,0.2486,0.2428,0.2457,0.2471,0.2417,0.2444,0.2525,0.2489,0.2507,0.2593,0.2552,0.2572,0.2657,0.2613,0.2635,0.2657,0.2613,0.2635
AAPL,NASDAQ,07/28/14,99.02,0.2032,0.2011,0.2022,0.2258,0.2215,0.2237,0.2359,0.2317,0.2338,0.2495,0.2441,0.2468,0.2451,0.2403,0.2427,0.2436,0.2392,0.2414,0.2493,0.2460,0.2476,0.2567,0.2533,0.2550,0.2638,0.2602,0.2620,0.2638,0.2602,0.2620
AAPL,NASDAQ,07/25/14,97.671,0.2000,0.1976,0.1988,0.2206,0.2167,0.2187,0.2285,0.2247,0.2266,0.2432,0.2390,0.2411,0.2393,0.2349,0.2371,0.2376,0.2332,0.2354,0.2443,0.2416,0.2430,0.2535,0.2505,0.2520,0.2624,0.2591,0.2607,0.2624,0.2591,0.2607
AAPL,NASDAQ,07/24/14,97.03,0.1931,0.1942,0.1936,0.2155,0.2147,0.2151,0.2240,0.2221,0.2231,0.2421,0.2396,0.2409,0.2390,0.2362,0.2376,0.2377,0.2349,0.2363,0.2468,0.2444,0.2456,0.2557,0.2531,0.2544,0.2643,0.2614,0.2628,0.2643,0.2614,0.2628
AAPL,NASDAQ,07/23/14,97.19,0.2040,0.2001,0.2020,0.2179,0.2120,0.2149,0.2226,0.2177,0.2202,0.2400,0.2356,0.2378,0.2373,0.2325,0.2349,0.2357,0.2307,0.2332,0.2438,0.2407,0.2422,0.2536,0.2499,0.2517,0.2631,0.2588,0.2609,0.2631,0.2588,0.2609
AAPL,NASDAQ,07/22/14,94.72,0.2870,0.2882,0.2876,0.2578,0.2431,0.2505,0.2447,0.2195,0.2321,0.2572,0.2399,0.2486,0.2506,0.2391,0.2449,0.2458,0.2381,0.2419,0.2507,0.2421,0.2464,0.2619,0.2506,0.2563,0.2727,0.2590,0.2658,0.2727,0.2590,0.2658
AAPL,NASDAQ,07/21/14,93.939,0.2812,0.2733,0.2772,0.2516,0.2452,0.2484,0.2476,0.2412,0.2444,0.2577,0.2514,0.2546,0.2541,0.2478,0.2510,0.2509,0.2447,0.2478,0.2545,0.2490,0.2517,0.2621,0.2565,0.2593,0.2697,0.2638,0.2667,0.2697,0.2638,0.2667
AAPL,NASDAQ,07/18/14,94.43,0.2755,0.2710,0.2732,0.2522,0.2478,0.2500,0.2451,0.2412,0.2432,0.2472,0.2427,0.2450,0.2485,0.2438,0.2462,0.2494,0.2445,0.2470,0.2530,0.2490,0.2510,0.2602,0.2569,0.2586,0.2676,0.2650,0.2663,0.2676,0.2650,0.2663
AAPL,NASDAQ,07/17/14,93.09,0.3035,0.2978,0.3006,0.2655,0.2619,0.2637,0.2561,0.2519,0.2540,0.2554,0.2511,0.2533,0.2552,0.2509,0.2530,0.2550,0.2508,0.2529,0.2582,0.2541,0.2561,0.2648,0.2603,0.2625,0.2717,0.2667,0.2692,0.2717,0.2667,0.2692
AAPL,NASDAQ,07/16/14,94.78,0.2822,0.2764,0.2793,0.2481,0.2419,0.2450,0.2394,0.2348,0.2371,0.2413,0.2362,0.2388,0.2430,0.2375,0.2402,0.2441,0.2383,0.2412,0.2504,0.2446,0.2475,0.2589,0.2513,0.2551,0.2677,0.2582,0.2630,0.2677,0.2582,0.2630
AAPL,NASDAQ,07/15/14,95.32,0.2785,0.2723,0.2754,0.2506,0.2428,0.2467,0.2441,0.2362,0.2402,0.2452,0.2377,0.2414,0.2463,0.2390,0.2427,0.2471,0.2399,0.2435,0.2518,0.2457,0.2488,0.2597,0.2523,0.2560,0.2681,0.2593,0.2637,0.2681,0.2593,0.2637
AAPL,NASDAQ,07/14/14,96.45,0.2737,0.2702,0.2720,0.2474,0.2429,0.2451,0.2392,0.2355,0.2374,0.2395,0.2359,0.2377,0.2404,0.2368,0.2386,0.2410,0.2374,0.2392,0.2470,0.2436,0.2453,0.2555,0.2513,0.2534,0.2645,0.2595,0.2620,0.2645,0.2595,0.2620
AAPL,NASDAQ,07/11/14,95.22,0.2736,0.2742,0.2739,0.2514,0.2486,0.2500,0.2464,0.2427,0.2445,0.2468,0.2428,0.2448,0.2475,0.2437,0.2456,0.2481,0.2442,0.2462,0.2510,0.2481,0.2496,0.2580,0.2549,0.2565,0.2660,0.2628,0.2644,0.2660,0.2628,0.2644
AAPL,NASDAQ,07/10/14,95.035,0.2694,0.2693,0.2694,0.2479,0.2442,0.2461,0.2417,0.2388,0.2402,0.2427,0.2393,0.2410,0.2444,0.2407,0.2426,0.2456,0.2416,0.2436,0.2496,0.2465,0.2481,0.2572,0.2532,0.2552,0.2659,0.2608,0.2633,0.2659,0.2608,0.2633
AAPL,NASDAQ,07/09/14,95.39,0.2692,0.2671,0.2681,0.2499,0.2453,0.2476,0.2457,0.2422,0.2440,0.2460,0.2427,0.2444,0.2468,0.2432,0.2450,0.2473,0.2436,0.2454,0.2507,0.2476,0.2491,0.2579,0.2537,0.2558,0.2664,0.2608,0.2636,0.2664,0.2608,0.2636
AAPL,NASDAQ,07/08/14,95.35,0.2759,0.2723,0.2741,0.2552,0.2492,0.2522,0.2510,0.2454,0.2482,0.2509,0.2457,0.2483,0.2514,0.2463,0.2489,0.2518,0.2468,0.2493,0.2543,0.2503,0.2523,0.2605,0.2562,0.2583,0.2679,0.2633,0.2656,0.2679,0.2633,0.2656
AAPL,NASDAQ,07/07/14,95.968,0.2640,0.2612,0.2626,0.2460,0.2417,0.2438,0.2434,0.2381,0.2407,0.2443,0.2389,0.2416,0.2449,0.2402,0.2425,0.2453,0.2410,0.2431,0.2479,0.2450,0.2465,0.2537,0.2508,0.2522,0.2607,0.2577,0.2592,0.2607,0.2577,0.2592
AAPL,NASDAQ,07/03/14,94.03,0.2633,0.2609,0.2621,0.2482,0.2436,0.2459,0.2475,0.2411,0.2443,0.2492,0.2430,0.2461,0.2491,0.2438,0.2465,0.2490,0.2444,0.2467,0.2514,0.2476,0.2495,0.2570,0.2535,0.2553,0.2642,0.2611,0.2627,0.2642,0.2611,0.2627
AAPL,NASDAQ,07/02/14,93.48,0.2611,0.2609,0.2610,0.2442,0.2423,0.2432,0.2428,0.2399,0.2414,0.2450,0.2424,0.2437,0.2453,0.2433,0.2443,0.2455,0.2440,0.2447,0.2499,0.2474,0.2487,0.2563,0.2534,0.2549,0.2644,0.2612,0.2628,0.2644,0.2612,0.2628
AAPL,NASDAQ,07/01/14,93.52,0.2669,0.2596,0.2632,0.2481,0.2418,0.2449,0.2454,0.2387,0.2421,0.2472,0.2410,0.2441,0.2471,0.2415,0.2443,0.2470,0.2419,0.2444,0.2512,0.2463,0.2487,0.2575,0.2521,0.2548,0.2653,0.2595,0.2624,0.2653,0.2595,0.2624
AAPL,NASDAQ,06/30/14,92.93,0.2784,0.2682,0.2733,0.2625,0.2523,0.2574,0.2565,0.2472,0.2518,0.2574,0.2493,0.2533,0.2573,0.2500,0.2537,0.2572,0.2505,0.2539,0.2592,0.2527,0.2559,0.2633,0.2566,0.2600,0.2689,0.2618,0.2654,0.2689,0.2618,0.2654
AAPL,NASDAQ,06/27/14,91.98,0.2555,0.2552,0.2553,0.2464,0.2446,0.2455,0.2432,0.2407,0.2420,0.2452,0.2427,0.2439,0.2467,0.2448,0.2458,0.2477,0.2463,0.2470,0.2502,0.2491,0.2497,0.2550,0.2539,0.2544,0.2618,0.2608,0.2613,0.2618,0.2608,0.2613
AAPL,NASDAQ,06/26/14,90.9,0.2610,0.2559,0.2584,0.2463,0.2408,0.2436,0.2403,0.2354,0.2378,0.2419,0.2366,0.2392,0.2444,0.2395,0.2419,0.2460,0.2415,0.2437,0.2493,0.2464,0.2479,0.2547,0.2519,0.2533,0.2625,0.2592,0.2609,0.2625,0.2592,0.2609
AAPL,NASDAQ,06/25/14,90.36,0.2629,0.2599,0.2614,0.2486,0.2432,0.2459,0.2420,0.2362,0.2391,0.2434,0.2371,0.2402,0.2455,0.2399,0.2427,0.2469,0.2417,0.2443,0.2504,0.2462,0.2483,0.2561,0.2518,0.2540,0.2644,0.2597,0.2620,0.2644,0.2597,0.2620
AAPL,NASDAQ,06/24/14,90.28,0.2513,0.2469,0.2491,0.2412,0.2358,0.2385,0.2355,0.2298,0.2326,0.2379,0.2317,0.2348,0.2407,0.2352,0.2379,0.2425,0.2375,0.2400,0.2467,0.2430,0.2448,0.2532,0.2491,0.2512,0.2628,0.2576,0.2602,0.2628,0.2576,0.2602
AAPL,NASDAQ,06/23/14,90.83,0.2415,0.2403,0.2409,0.2411,0.2392,0.2401,0.2358,0.2338,0.2348,0.2350,0.2334,0.2342,0.2382,0.2366,0.2374,0.2403,0.2387,0.2395,0.2462,0.2449,0.2456,0.2532,0.2514,0.2523,0.2630,0.2601,0.2616,0.2630,0.2601,0.2616
AAPL,NASDAQ,06/20/14,90.91,0.2227,0.2083,0.2155,0.2526,0.2403,0.2465,0.2482,0.2373,0.2428,0.2462,0.2359,0.2411,0.2492,0.2399,0.2446,0.2513,0.2424,0.2468,0.2554,0.2473,0.2513,0.2612,0.2533,0.2573,0.2703,0.2625,0.2664,0.2703,0.2625,0.2664
AAPL,NASDAQ,06/19/14,91.86,0.2045,0.2054,0.2049,0.2457,0.2466,0.2462,0.2411,0.2416,0.2414,0.2388,0.2391,0.2389,0.2423,0.2423,0.2423,0.2446,0.2444,0.2445,0.2489,0.2499,0.2494,0.2552,0.2552,0.2552,0.2651,0.2623,0.2637,0.2651,0.2623,0.2637
AAPL,NASDAQ,06/18/14,92.18,0.1946,0.1933,0.1940,0.2485,0.2455,0.2470,0.2440,0.2406,0.2423,0.2417,0.2382,0.2399,0.2450,0.2417,0.2434,0.2473,0.2442,0.2458,0.2515,0.2492,0.2504,0.2568,0.2541,0.2554,0.2651,0.2612,0.2631,0.2651,0.2612,0.2631
AAPL,NASDAQ,06/17/14,92.08,0.2068,0.2026,0.2047,0.2524,0.2478,0.2501,0.2475,0.2420,0.2448,0.2450,0.2391,0.2421,0.2474,0.2418,0.2446,0.2491,0.2439,0.2465,0.2530,0.2489,0.2510,0.2578,0.2535,0.2556,0.2653,0.2598,0.2626,0.2653,0.2598,0.2626
AAPL,NASDAQ,06/16/14,92.2,0.2031,0.2021,0.2026,0.2479,0.2430,0.2455,0.2430,0.2389,0.2409,0.2405,0.2368,0.2386,0.2430,0.2396,0.2413,0.2450,0.2418,0.2434,0.2488,0.2464,0.2476,0.2539,0.2510,0.2524,0.2622,0.2579,0.2600,0.2622,0.2579,0.2600
AAPL,NASDAQ,06/13/14,91.28,0.2011,0.2009,0.2010,0.2457,0.2455,0.2456,0.2391,0.2383,0.2387,0.2359,0.2348,0.2353,0.2377,0.2364,0.2370,0.2396,0.2383,0.2390,0.2432,0.2434,0.2433,0.2483,0.2484,0.2483,0.2571,0.2557,0.2564,0.2571,0.2557,0.2564
AAPL,NASDAQ,06/12/14,92.29,0.1972,0.1987,0.1979,0.2414,0.2421,0.2417,0.2340,0.2347,0.2343,0.2307,0.2310,0.2308,0.2330,0.2330,0.2330,0.2356,0.2354,0.2355,0.2408,0.2372,0.2390,0.2464,0.2430,0.2447,0.2556,0.2562,0.2559,0.2556,0.2562,0.2559
AAPL,NASDAQ,06/11/14,93.86,0.1965,0.1951,0.1958,0.2394,0.2395,0.2395,0.2336,0.2336,0.2336,0.2313,0.2311,0.2312,0.2338,0.2337,0.2338,0.2366,0.2367,0.2367,0.2432,0.2439,0.2436,0.2500,0.2500,0.2500,0.2602,0.2582,0.2592,0.2602,0.2582,0.2592
AAPL,NASDAQ,06/10/14,94.25,0.1985,0.1979,0.1982,0.2490,0.2479,0.2484,0.2445,0.2428,0.2436,0.2427,0.2406,0.2416,0.2435,0.2418,0.2426,0.2448,0.2434,0.2441,0.2493,0.2491,0.2492,0.2547,0.2543,0.2545,0.2630,0.2611,0.2621,0.2630,0.2611,0.2621
AAPL,NASDAQ,06/09/14,93.7,0.2013,0.2031,0.2022,0.2533,0.2521,0.2527,0.2455,0.2434,0.2444,0.2414,0.2390,0.2402,0.2408,0.2389,0.2398,0.2411,0.2399,0.2405,0.2443,0.2440,0.2442,0.2493,0.2485,0.2489,0.2576,0.2548,0.2562,0.2576,0.2548,0.2562
AAPL,NASDAQ,06/06/14,92.224,0.2240,0.2227,0.2233,0.2572,0.2559,0.2565,0.2462,0.2443,0.2453,0.2413,0.2397,0.2405,0.2403,0.2388,0.2395,0.2408,0.2395,0.2401,0.2432,0.2429,0.2431,0.2473,0.2471,0.2472,0.2546,0.2532,0.2539,0.2546,0.2532,0.2539
AAPL,NASDAQ,06/05/14,92.479,0.2224,0.2255,0.2240,0.2579,0.2587,0.2583,0.2485,0.2475,0.2480,0.2441,0.2433,0.2437,0.2428,0.2424,0.2426,0.2429,0.2429,0.2429,0.2450,0.2460,0.2455,0.2487,0.2498,0.2493,0.2550,0.2554,0.2552,0.2550,0.2554,0.2552
AAPL,NASDAQ,06/04/14,92.117,0.2211,0.2171,0.2191,0.2410,0.2374,0.2392,0.2452,0.2412,0.2432,0.2416,0.2375,0.2396,0.2405,0.2366,0.2386,0.2407,0.2371,0.2389,0.2423,0.2404,0.2414,0.2458,0.2444,0.2451,0.2524,0.2500,0.2512,0.2524,0.2500,0.2512
AAPL,NASDAQ,06/03/14,91.077,0.2047,0.2008,0.2027,0.2234,0.2203,0.2219,0.2308,0.2277,0.2292,0.2278,0.2247,0.2263,0.2276,0.2248,0.2262,0.2290,0.2265,0.2277,0.2329,0.2315,0.2322,0.2378,0.2369,0.2373,0.2459,0.2453,0.2456,0.2459,0.2453,0.2456
AAPL,NASDAQ,06/02/14,89.807,0.2105,0.2123,0.2114,0.2240,0.2242,0.2241,0.2316,0.2313,0.2315,0.2283,0.2276,0.2280,0.2276,0.2270,0.2273,0.2284,0.2283,0.2284,0.2314,0.2322,0.2318,0.2360,0.2371,0.2365,0.2444,0.2453,0.2449,0.2444,0.2453,0.2449
AAPL,NASDAQ,05/30/14,90.429,0.2295,0.2305,0.2300,0.2293,0.2295,0.2294,0.2380,0.2376,0.2378,0.2340,0.2327,0.2333,0.2323,0.2309,0.2316,0.2325,0.2315,0.2320,0.2338,0.2344,0.2341,0.2370,0.2382,0.2376,0.2443,0.2439,0.2441,0.2443,0.2439,0.2441
AAPL,NASDAQ,05/29/14,90.769,0.2184,0.2189,0.2186,0.2199,0.2197,0.2198,0.2307,0.2296,0.2301,0.2275,0.2259,0.2267,0.2263,0.2248,0.2255,0.2272,0.2263,0.2267,0.2301,0.2308,0.2305,0.2343,0.2357,0.2350,0.2422,0.2426,0.2424,0.2422,0.2426,0.2424
AAPL,NASDAQ,05/28/14,89.144,0.2117,0.2079,0.2098,0.2121,0.2090,0.2106,0.2243,0.2210,0.2226,0.2210,0.2179,0.2195,0.2199,0.2169,0.2184,0.2210,0.2185,0.2197,0.2257,0.2238,0.2247,0.2314,0.2299,0.2306,0.2393,0.2379,0.2386,0.2393,0.2379,0.2386
AAPL,NASDAQ,05/27/14,89.376,0.2038,0.2027,0.2033,0.2062,0.2050,0.2056,0.2208,0.2190,0.2199,0.2176,0.2162,0.2169,0.2164,0.2153,0.2159,0.2177,0.2167,0.2172,0.2228,0.2223,0.2225,0.2285,0.2284,0.2285,0.2350,0.2356,0.2353,0.2350,0.2356,0.2353
AAPL,NASDAQ,05/23/14,87.733,0.1878,0.1851,0.1864,0.1903,0.1878,0.1890,0.2128,0.2112,0.2120,0.2112,0.2096,0.2104,0.2106,0.2089,0.2097,0.2123,0.2110,0.2117,0.2180,0.2175,0.2178,0.2245,0.2248,0.2246,0.2320,0.2333,0.2326,0.2320,0.2333,0.2326
AAPL,NASDAQ,05/22/14,86.753,0.1883,0.1855,0.1869,0.1899,0.1874,0.1887,0.2133,0.2112,0.2123,0.2113,0.2091,0.2102,0.2103,0.2082,0.2092,0.2122,0.2104,0.2113,0.2180,0.2169,0.2175,0.2244,0.2242,0.2243,0.2320,0.2326,0.2323,0.2320,0.2326,0.2323
AAPL,NASDAQ,05/21/14,86.616,0.1812,0.1816,0.1814,0.1829,0.1826,0.1828,0.2082,0.2076,0.2079,0.2057,0.2047,0.2052,0.2043,0.2031,0.2037,0.2066,0.2058,0.2062,0.2137,0.2134,0.2136,0.2219,0.2219,0.2219,0.2314,0.2317,0.2316,0.2314,0.2317,0.2316
AAPL,NASDAQ,05/20/14,86.387,0.1894,0.1876,0.1885,0.1862,0.1844,0.1853,0.2104,0.2090,0.2097,0.2069,0.2056,0.2063,0.2048,0.2036,0.2042,0.2071,0.2061,0.2066,0.2139,0.2136,0.2138,0.2218,0.2222,0.2220,0.2309,0.2321,0.2315,0.2309,0.2321,0.2315
AAPL,NASDAQ,05/19/14,86.37,0.1906,0.1882,0.1894,0.1872,0.1845,0.1858,0.2115,0.2088,0.2101,0.2079,0.2051,0.2065,0.2058,0.2029,0.2043,0.2075,0.2049,0.2062,0.2138,0.2121,0.2130,0.2225,0.2211,0.2218,0.2325,0.2317,0.2321,0.2325,0.2317,0.2321
AAPL,NASDAQ,05/16/14,85.359,0.1878,0.1866,0.1872,0.1877,0.1857,0.1867,0.2113,0.2104,0.2108,0.2091,0.2083,0.2087,0.2074,0.2066,0.2070,0.2096,0.2087,0.2092,0.2167,0.2158,0.2163,0.2247,0.2245,0.2246,0.2340,0.2346,0.2343,0.2340,0.2346,0.2343
AAPL,NASDAQ,05/15/14,84.117,0.1827,0.1764,0.1795,0.1824,0.1783,0.1803,0.2096,0.2038,0.2067,0.2087,0.2034,0.2061,0.2072,0.2024,0.2048,0.2091,0.2052,0.2072,0.2160,0.2135,0.2147,0.2244,0.2222,0.2233,0.2343,0.2325,0.2334,0.2343,0.2325,0.2334
AAPL,NASDAQ,05/14/14,84.839,0.1789,0.1817,0.1803,0.1806,0.1798,0.1802,0.2040,0.2044,0.2042,0.2045,0.2044,0.2045,0.2036,0.2031,0.2034,0.2060,0.2054,0.2057,0.2135,0.2132,0.2134,0.2216,0.2223,0.2219,0.2312,0.2329,0.2321,0.2312,0.2329,0.2321
AAPL,NASDAQ,05/13/14,84.823,0.1721,0.1743,0.1732,0.1762,0.1746,0.1754,0.2016,0.2004,0.2010,0.2032,0.2020,0.2026,0.2025,0.2011,0.2018,0.2052,0.2039,0.2046,0.2134,0.2126,0.2130,0.2215,0.2215,0.2215,0.2311,0.2320,0.2315,0.2311,0.2320,0.2315
AAPL,NASDAQ,05/12/14,84.69,0.1817,0.1788,0.1803,0.1839,0.1820,0.1830,0.2071,0.2048,0.2060,0.2090,0.2062,0.2076,0.2080,0.2048,0.2064,0.2096,0.2070,0.2083,0.2158,0.2150,0.2154,0.2237,0.2235,0.2236,0.2331,0.2336,0.2334,0.2331,0.2336,0.2334
AAPL,NASDAQ,05/09/14,83.649,0.1795,0.1782,0.1789,0.1898,0.1870,0.1884,0.2084,0.2061,0.2072,0.2117,0.2099,0.2108,0.2101,0.2087,0.2094,0.2114,0.2100,0.2107,0.2178,0.2164,0.2171,0.2253,0.2248,0.2251,0.2344,0.2349,0.2346,0.2344,0.2349,0.2346
AAPL,NASDAQ,05/08/14,83.999,0.1767,0.1784,0.1776,0.1895,0.1889,0.1892,0.2074,0.2069,0.2072,0.2115,0.2110,0.2113,0.2100,0.2089,0.2095,0.2112,0.2101,0.2107,0.2177,0.2170,0.2173,0.2252,0.2256,0.2254,0.2342,0.2359,0.2350,0.2342,0.2359,0.2350
AAPL,NASDAQ,05/07/14,84.619,0.1850,0.1820,0.1835,0.1992,0.1963,0.1977,0.2125,0.2093,0.2109,0.2151,0.2120,0.2135,0.2121,0.2091,0.2106,0.2121,0.2096,0.2108,0.2166,0.2154,0.2160,0.2240,0.2235,0.2237,0.2330,0.2331,0.2331,0.2330,0.2331,0.2331
AAPL,NASDAQ,05/06/14,84.916,0.1912,0.1820,0.1866,0.2009,0.1955,0.1982,0.2139,0.2083,0.2111,0.2177,0.2121,0.2149,0.2146,0.2093,0.2119,0.2143,0.2100,0.2121,0.2187,0.2165,0.2176,0.2262,0.2237,0.2250,0.2354,0.2324,0.2339,0.2354,0.2324,0.2339
AAPL,NASDAQ,05/05/14,85.851,0.1952,0.1948,0.1950,0.2069,0.2045,0.2057,0.2145,0.2126,0.2135,0.2176,0.2156,0.2166,0.2150,0.2124,0.2137,0.2147,0.2122,0.2134,0.2180,0.2171,0.2176,0.2248,0.2252,0.2250,0.2330,0.2349,0.2340,0.2330,0.2349,0.2340
AAPL,NASDAQ,05/02/14,84.654,0.1828,0.1824,0.1826,0.1985,0.1963,0.1974,0.2059,0.2043,0.2051,0.2126,0.2111,0.2118,0.2100,0.2082,0.2091,0.2097,0.2080,0.2089,0.2143,0.2138,0.2141,0.2221,0.2221,0.2221,0.2316,0.2323,0.2319,0.2316,0.2323,0.2319
AAPL,NASDAQ,05/01/14,84.497,0.1861,0.1892,0.1876,0.2018,0.2011,0.2015,0.2079,0.2073,0.2076,0.2147,0.2142,0.2145,0.2122,0.2117,0.2119,0.2118,0.2113,0.2115,0.2159,0.2162,0.2161,0.2230,0.2243,0.2237,0.2318,0.2342,0.2330,0.2318,0.2342,0.2330
AAPL,NASDAQ,04/30/14,84.299,0.1981,0.1885,0.1933,0.2083,0.2024,0.2054,0.2120,0.2067,0.2093,0.2191,0.2141,0.2166,0.2157,0.2114,0.2135,0.2146,0.2108,0.2127,0.2180,0.2154,0.2167,0.2253,0.2233,0.2243,0.2343,0.2329,0.2336,0.2343,0.2329,0.2336
AAPL,NASDAQ,04/29/14,84.619,0.1967,0.1918,0.1943,0.2100,0.2066,0.2083,0.2121,0.2087,0.2104,0.2194,0.2156,0.2175,0.2164,0.2131,0.2147,0.2152,0.2125,0.2139,0.2181,0.2173,0.2177,0.2251,0.2245,0.2248,0.2338,0.2334,0.2336,0.2338,0.2334,0.2336
AAPL,NASDAQ,04/28/14,84.87,0.2094,0.2054,0.2074,0.2184,0.2147,0.2166,0.2169,0.2141,0.2155,0.2234,0.2215,0.2224,0.2200,0.2184,0.2192,0.2183,0.2171,0.2177,0.2191,0.2197,0.2194,0.2260,0.2270,0.2265,0.2346,0.2360,0.2353,0.2346,0.2360,0.2353
AAPL,NASDAQ,04/25/14,81.706,0.1818,0.1823,0.1821,0.2032,0.2005,0.2018,0.2029,0.2018,0.2024,0.2146,0.2132,0.2139,0.2120,0.2115,0.2118,0.2108,0.2109,0.2108,0.2141,0.2154,0.2147,0.2215,0.2229,0.2222,0.2306,0.2322,0.2314,0.2306,0.2322,0.2314
AAPL,NASDAQ,04/24/14,81.11,0.1852,0.1822,0.1837,0.1993,0.1965,0.1979,0.2005,0.1984,0.1995,0.2147,0.2130,0.2139,0.2116,0.2105,0.2110,0.2100,0.2093,0.2097,0.2145,0.2151,0.2148,0.2217,0.2220,0.2218,0.2307,0.2306,0.2306,0.2307,0.2306,0.2306
AAPL,NASDAQ,04/23/14,74.964,0.2516,0.2501,0.2509,0.2171,0.2174,0.2172,0.2090,0.2127,0.2109,0.2230,0.2250,0.2240,0.2193,0.2216,0.2204,0.2172,0.2197,0.2184,0.2206,0.2258,0.2232,0.2272,0.2327,0.2300,0.2356,0.2413,0.2384,0.2356,0.2413,0.2384
AAPL,NASDAQ,04/22/14,75.957,0.2319,0.2336,0.2327,0.2050,0.2065,0.2058,0.2038,0.2056,0.2047,0.2187,0.2219,0.2203,0.2164,0.2196,0.2180,0.2151,0.2185,0.2168,0.2213,0.2263,0.2238,0.2284,0.2343,0.2314,0.2372,0.2443,0.2408,0.2372,0.2443,0.2408
AAPL,NASDAQ,04/21/14,75.881,0.2325,0.2335,0.2330,0.2046,0.2058,0.2052,0.2001,0.2025,0.2013,0.2177,0.2218,0.2198,0.2151,0.2184,0.2167,0.2135,0.2163,0.2149,0.2187,0.2239,0.2213,0.2264,0.2329,0.2297,0.2361,0.2441,0.2401,0.2361,0.2441,0.2401
AAPL,NASDAQ,04/17/14,74.991,0.2398,0.2328,0.2363,0.2122,0.2083,0.2102,0.2061,0.2019,0.2040,0.2116,0.2092,0.2104,0.2154,0.2140,0.2147,0.2178,0.2172,0.2175,0.2233,0.2252,0.2242,0.2305,0.2339,0.2322,0.2398,0.2453,0.2426,0.2398,0.2453,0.2426
AAPL,NASDAQ,04/16/14,74.144,0.2536,0.2503,0.2519,0.2204,0.2214,0.2209,0.2115,0.2122,0.2119,0.2162,0.2176,0.2169,0.2197,0.2216,0.2206,0.2220,0.2242,0.2231,0.2276,0.2322,0.2299,0.2345,0.2404,0.2375,0.2437,0.2511,0.2474,0.2437,0.2511,0.2474
AAPL,NASDAQ,04/15/14,73.994,0.2619,0.2598,0.2608,0.2276,0.2274,0.2275,0.2169,0.2174,0.2172,0.2208,0.2222,0.2215,0.2242,0.2263,0.2252,0.2264,0.2289,0.2276,0.2318,0.2364,0.2341,0.2381,0.2443,0.2412,0.2465,0.2548,0.2507,0.2465,0.2548,0.2507
AAPL,NASDAQ,04/14/14,74.526,0.2654,0.2613,0.2634,0.2305,0.2291,0.2298,0.2204,0.2188,0.2196,0.2232,0.2230,0.2231,0.2261,0.2268,0.2265,0.2281,0.2294,0.2287,0.2318,0.2371,0.2345,0.2383,0.2448,0.2416,0.2473,0.2551,0.2512,0.2473,0.2551,0.2512
AAPL,NASDAQ,04/11/14,74.23,0.2827,0.2769,0.2798,0.2419,0.2387,0.2403,0.2293,0.2273,0.2283,0.2292,0.2283,0.2287,0.2309,0.2309,0.2309,0.2320,0.2326,0.2323,0.2359,0.2403,0.2381,0.2418,0.2474,0.2446,0.2503,0.2572,0.2538,0.2503,0.2572,0.2538
AAPL,NASDAQ,04/10/14,74.783,0.2718,0.2634,0.2676,0.2371,0.2294,0.2333,0.2244,0.2210,0.2227,0.2252,0.2234,0.2243,0.2280,0.2271,0.2275,0.2298,0.2295,0.2296,0.2349,0.2385,0.2367,0.2413,0.2459,0.2436,0.2502,0.2559,0.2531,0.2502,0.2559,0.2531
AAPL,NASDAQ,04/09/14,75.76,0.2632,0.2608,0.2620,0.2299,0.2308,0.2304,0.2185,0.2195,0.2190,0.2201,0.2220,0.2210,0.2238,0.2263,0.2251,0.2262,0.2292,0.2277,0.2314,0.2369,0.2341,0.2381,0.2450,0.2415,0.2478,0.2563,0.2520,0.2478,0.2563,0.2520
AAPL,NASDAQ,04/08/14,74.777,0.2773,0.2671,0.2722,0.2413,0.2364,0.2389,0.2288,0.2252,0.2270,0.2285,0.2261,0.2273,0.2309,0.2294,0.2302,0.2324,0.2316,0.2320,0.2363,0.2400,0.2382,0.2425,0.2470,0.2448,0.2517,0.2566,0.2542,0.2517,0.2566,0.2542
AAPL,NASDAQ,04/07/14,74.781,0.2819,0.2750,0.2785,0.2433,0.2390,0.2412,0.2290,0.2267,0.2278,0.2282,0.2271,0.2276,0.2306,0.2302,0.2304,0.2323,0.2323,0.2323,0.2366,0.2399,0.2383,0.2431,0.2474,0.2452,0.2528,0.2580,0.2554,0.2528,0.2580,0.2554
AAPL,NASDAQ,04/04/14,75.974,0.2656,0.2594,0.2625,0.2355,0.2299,0.2327,0.2240,0.2216,0.2228,0.2238,0.2227,0.2233,0.2271,0.2268,0.2269,0.2292,0.2296,0.2294,0.2342,0.2387,0.2364,0.2412,0.2465,0.2438,0.2519,0.2577,0.2548,0.2519,0.2577,0.2548
AAPL,NASDAQ,04/03/14,76.97,0.2504,0.2460,0.2482,0.2232,0.2190,0.2211,0.2131,0.2119,0.2125,0.2140,0.2136,0.2138,0.2188,0.2191,0.2190,0.2220,0.2228,0.2224,0.2293,0.2337,0.2315,0.2377,0.2428,0.2403,0.2505,0.2557,0.2531,0.2505,0.2557,0.2531
AAPL,NASDAQ,04/02/14,77.507,0.2451,0.2434,0.2443,0.2183,0.2175,0.2179,0.2096,0.2094,0.2095,0.2113,0.2120,0.2116,0.2160,0.2176,0.2168,0.2192,0.2212,0.2202,0.2260,0.2311,0.2286,0.2341,0.2399,0.2370,0.2465,0.2528,0.2496,0.2465,0.2528,0.2496
AAPL,NASDAQ,04/01/14,77.379,0.2446,0.2423,0.2434,0.2205,0.2196,0.2201,0.2118,0.2119,0.2118,0.2129,0.2141,0.2135,0.2176,0.2195,0.2186,0.2207,0.2231,0.2219,0.2279,0.2329,0.2304,0.2355,0.2416,0.2385,0.2471,0.2544,0.2508,0.2471,0.2544,0.2508
AAPL,NASDAQ,03/31/14,76.677,0.2450,0.2434,0.2442,0.2290,0.2283,0.2286,0.2190,0.2190,0.2190,0.2201,0.2208,0.2204,0.2237,0.2251,0.2244,0.2261,0.2279,0.2270,0.2317,0.2365,0.2341,0.2389,0.2442,0.2416,0.2504,0.2557,0.2531,0.2504,0.2557,0.2531
AAPL,NASDAQ,03/28/14,76.694,0.2287,0.2306,0.2297,0.2343,0.2337,0.2340,0.2220,0.2221,0.2220,0.2221,0.2228,0.2224,0.2257,0.2271,0.2264,0.2281,0.2299,0.2290,0.2344,0.2385,0.2364,0.2406,0.2463,0.2434,0.2506,0.2581,0.2543,0.2506,0.2581,0.2543
AAPL,NASDAQ,03/27/14,76.78,0.2202,0.2161,0.2182,0.2226,0.2199,0.2212,0.2157,0.2144,0.2150,0.2179,0.2176,0.2178,0.2220,0.2226,0.2223,0.2247,0.2260,0.2253,0.2319,0.2361,0.2340,0.2396,0.2445,0.2420,0.2518,0.2570,0.2544,0.2518,0.2570,0.2544
AAPL,NASDAQ,03/26/14,77.111,0.2127,0.2056,0.2092,0.2220,0.2183,0.2202,0.2151,0.2121,0.2136,0.2169,0.2153,0.2161,0.2215,0.2209,0.2212,0.2245,0.2246,0.2246,0.2310,0.2348,0.2329,0.2386,0.2432,0.2409,0.2516,0.2559,0.2537,0.2516,0.2559,0.2537
AAPL,NASDAQ,03/25/14,77.856,0.2043,0.2013,0.2028,0.2193,0.2165,0.2179,0.2111,0.2096,0.2104,0.2130,0.2126,0.2128,0.2189,0.2193,0.2191,0.2227,0.2237,0.2232,0.2311,0.2351,0.2331,0.2387,0.2435,0.2411,0.2509,0.2560,0.2535,0.2509,0.2560,0.2535
AAPL,NASDAQ,03/24/14,77.027,0.2066,0.2036,0.2051,0.2257,0.2227,0.2242,0.2185,0.2171,0.2178,0.2177,0.2174,0.2176,0.2229,0.2235,0.2232,0.2263,0.2274,0.2269,0.2341,0.2379,0.2360,0.2414,0.2460,0.2437,0.2534,0.2581,0.2557,0.2534,0.2581,0.2557
AAPL,NASDAQ,03/21/14,76.124,0.1764,0.2053,0.1909,0.2202,0.2373,0.2288,0.2142,0.2288,0.2215,0.2139,0.2272,0.2205,0.2195,0.2318,0.2257,0.2231,0.2349,0.2290,0.2310,0.2442,0.2376,0.2385,0.2519,0.2452,0.2511,0.2636,0.2574,0.2511,0.2636,0.2574
AAPL,NASDAQ,03/20/14,75.529,0.1873,0.1854,0.1864,0.2328,0.2306,0.2317,0.2248,0.2238,0.2243,0.2229,0.2226,0.2228,0.2271,0.2276,0.2274,0.2299,0.2309,0.2304,0.2350,0.2389,0.2370,0.2415,0.2465,0.2440,0.2537,0.2592,0.2565,0.2537,0.2592,0.2565
AAPL,NASDAQ,03/19/14,75.894,0.1785,0.1756,0.1770,0.2339,0.2316,0.2328,0.2268,0.2249,0.2259,0.2246,0.2231,0.2238,0.2288,0.2285,0.2287,0.2317,0.2323,0.2320,0.2377,0.2418,0.2398,0.2442,0.2494,0.2468,0.2561,0.2609,0.2585,0.2561,0.2609,0.2585
AAPL,NASDAQ,03/18/14,75.914,0.1774,0.1760,0.1767,0.2340,0.2330,0.2335,0.2280,0.2276,0.2278,0.2261,0.2262,0.2262,0.2291,0.2302,0.2296,0.2314,0.2330,0.2322,0.2370,0.2416,0.2393,0.2434,0.2492,0.2463,0.2550,0.2614,0.2582,0.2550,0.2614,0.2582
AAPL,NASDAQ,03/17/14,75.249,0.1902,0.1883,0.1892,0.2444,0.2430,0.2437,0.2327,0.2326,0.2326,0.2281,0.2286,0.2284,0.2312,0.2325,0.2319,0.2338,0.2356,0.2347,0.2399,0.2442,0.2420,0.2461,0.2514,0.2487,0.2572,0.2626,0.2599,0.2572,0.2626,0.2599
AAPL,NASDAQ,03/14/14,74.956,0.1974,0.1948,0.1961,0.2494,0.2472,0.2483,0.2384,0.2367,0.2375,0.2347,0.2336,0.2342,0.2369,0.2367,0.2368,0.2390,0.2395,0.2393,0.2445,0.2480,0.2463,0.2500,0.2549,0.2525,0.2598,0.2654,0.2626,0.2598,0.2654,0.2626
AAPL,NASDAQ,03/13/14,75.807,0.1932,0.1913,0.1923,0.2471,0.2445,0.2458,0.2360,0.2341,0.2350,0.2319,0.2308,0.2314,0.2339,0.2340,0.2339,0.2362,0.2371,0.2367,0.2422,0.2459,0.2440,0.2482,0.2531,0.2507,0.2591,0.2644,0.2618,0.2591,0.2644,0.2618
AAPL,NASDAQ,03/12/14,76.659,0.1800,0.1797,0.1798,0.2333,0.2324,0.2329,0.2293,0.2291,0.2292,0.2270,0.2269,0.2269,0.2295,0.2301,0.2298,0.2321,0.2335,0.2328,0.2383,0.2424,0.2403,0.2449,0.2504,0.2477,0.2575,0.2635,0.2605,0.2575,0.2635,0.2605
AAPL,NASDAQ,03/11/14,76.584,0.1816,0.1817,0.1816,0.2349,0.2333,0.2341,0.2304,0.2293,0.2299,0.2262,0.2258,0.2260,0.2283,0.2287,0.2285,0.2311,0.2321,0.2316,0.2379,0.2416,0.2397,0.2445,0.2500,0.2473,0.2569,0.2636,0.2602,0.2569,0.2636,0.2602
AAPL,NASDAQ,03/10/14,75.846,0.1815,0.1768,0.1791,0.2294,0.2250,0.2272,0.2274,0.2244,0.2259,0.2238,0.2217,0.2227,0.2262,0.2250,0.2256,0.2295,0.2291,0.2293,0.2374,0.2403,0.2388,0.2449,0.2491,0.2470,0.2584,0.2619,0.2601,0.2584,0.2619,0.2601
AAPL,NASDAQ,03/07/14,75.777,0.1793,0.1797,0.1795,0.2255,0.2242,0.2249,0.2286,0.2284,0.2285,0.2248,0.2254,0.2251,0.2255,0.2266,0.2260,0.2283,0.2299,0.2291,0.2348,0.2392,0.2370,0.2420,0.2480,0.2450,0.2568,0.2631,0.2600,0.2568,0.2631,0.2600
AAPL,NASDAQ,03/06/14,75.821,0.1863,0.1861,0.1862,0.2305,0.2292,0.2298,0.2311,0.2300,0.2306,0.2267,0.2262,0.2265,0.2275,0.2274,0.2275,0.2305,0.2310,0.2307,0.2367,0.2397,0.2382,0.2436,0.2477,0.2456,0.2584,0.2616,0.2600,0.2584,0.2616,0.2600
AAPL,NASDAQ,03/05/14,76.051,0.1909,0.1853,0.1881,0.2254,0.2214,0.2234,0.2338,0.2306,0.2322,0.2292,0.2269,0.2280,0.2293,0.2279,0.2286,0.2320,0.2316,0.2318,0.2380,0.2407,0.2394,0.2450,0.2492,0.2471,0.2598,0.2641,0.2620,0.2598,0.2641,0.2620
AAPL,NASDAQ,03/04/14,75.891,0.1875,0.1893,0.1884,0.2228,0.2216,0.2222,0.2326,0.2319,0.2322,0.2279,0.2276,0.2277,0.2277,0.2279,0.2278,0.2306,0.2313,0.2309,0.2366,0.2401,0.2383,0.2433,0.2488,0.2461,0.2582,0.2646,0.2614,0.2582,0.2646,0.2614
AAPL,NASDAQ,03/03/14,75.394,0.2042,0.2037,0.2040,0.2316,0.2303,0.2309,0.2398,0.2388,0.2393,0.2339,0.2334,0.2337,0.2323,0.2325,0.2324,0.2345,0.2353,0.2349,0.2398,0.2430,0.2414,0.2464,0.2511,0.2487,0.2611,0.2657,0.2634,0.2611,0.2657,0.2634
AAPL,NASDAQ,02/28/14,75.177,0.2005,0.1972,0.1988,0.2272,0.2247,0.2260,0.2414,0.2390,0.2402,0.2348,0.2327,0.2338,0.2328,0.2316,0.2322,0.2349,0.2346,0.2348,0.2403,0.2430,0.2417,0.2470,0.2517,0.2494,0.2617,0.2669,0.2643,0.2617,0.2669,0.2643
AAPL,NASDAQ,02/27/14,75.381,0.2041,0.2031,0.2036,0.2293,0.2260,0.2276,0.2442,0.2420,0.2431,0.2373,0.2360,0.2367,0.2351,0.2339,0.2345,0.2375,0.2372,0.2374,0.2431,0.2455,0.2443,0.2494,0.2534,0.2514,0.2637,0.2675,0.2656,0.2637,0.2675,0.2656
AAPL,NASDAQ,02/26/14,73.907,0.2128,0.2100,0.2114,0.2331,0.2301,0.2316,0.2481,0.2457,0.2469,0.2409,0.2390,0.2399,0.2393,0.2375,0.2384,0.2413,0.2405,0.2409,0.2460,0.2482,0.2471,0.2519,0.2556,0.2538,0.2658,0.2678,0.2668,0.2658,0.2678,0.2668
AAPL,NASDAQ,02/25/14,74.58,0.2067,0.2018,0.2042,0.2251,0.2205,0.2228,0.2419,0.2380,0.2400,0.2348,0.2316,0.2332,0.2325,0.2300,0.2312,0.2353,0.2340,0.2347,0.2418,0.2433,0.2426,0.2486,0.2518,0.2502,0.2629,0.2660,0.2644,0.2629,0.2660,0.2644
AAPL,NASDAQ,02/24/14,75.364,0.2033,0.1969,0.2001,0.2226,0.2183,0.2205,0.2409,0.2358,0.2384,0.2345,0.2300,0.2323,0.2320,0.2288,0.2304,0.2351,0.2329,0.2340,0.2419,0.2423,0.2421,0.2491,0.2509,0.2500,0.2650,0.2654,0.2652,0.2650,0.2654,0.2652
AAPL,NASDAQ,02/21/14,75.036,0.2096,0.2082,0.2089,0.2246,0.2225,0.2235,0.2461,0.2446,0.2453,0.2390,0.2374,0.2382,0.2354,0.2338,0.2346,0.2380,0.2375,0.2378,0.2439,0.2461,0.2450,0.2504,0.2539,0.2522,0.2651,0.2665,0.2658,0.2651,0.2665,0.2658
AAPL,NASDAQ,02/20/14,75.879,0.2059,0.2023,0.2041,0.2151,0.2123,0.2137,0.2394,0.2365,0.2380,0.2335,0.2312,0.2323,0.2304,0.2284,0.2294,0.2335,0.2327,0.2331,0.2404,0.2425,0.2415,0.2479,0.2519,0.2499,0.2647,0.2671,0.2659,0.2647,0.2671,0.2659
AAPL,NASDAQ,02/19/14,76.767,0.2097,0.2075,0.2086,0.2148,0.2127,0.2137,0.2414,0.2401,0.2408,0.2346,0.2341,0.2344,0.2308,0.2307,0.2307,0.2340,0.2348,0.2344,0.2415,0.2442,0.2429,0.2494,0.2532,0.2513,0.2647,0.2673,0.2660,0.2647,0.2673,0.2660
AAPL,NASDAQ,02/18/14,77.999,0.2021,0.2007,0.2014,0.2110,0.2095,0.2103,0.2392,0.2376,0.2384,0.2325,0.2315,0.2320,0.2284,0.2278,0.2281,0.2321,0.2325,0.2323,0.2404,0.2429,0.2416,0.2490,0.2523,0.2506,0.2662,0.2656,0.2659,0.2662,0.2656,0.2659
AAPL,NASDAQ,02/14/14,77.713,0.2007,0.2021,0.2014,0.2094,0.2091,0.2092,0.2394,0.2391,0.2393,0.2347,0.2349,0.2348,0.2313,0.2317,0.2315,0.2338,0.2352,0.2345,0.2409,0.2445,0.2427,0.2485,0.2532,0.2508,0.2653,0.2672,0.2662,0.2653,0.2672,0.2662
AAPL,NASDAQ,02/13/14,77.776,0.2002,0.2044,0.2023,0.2095,0.2109,0.2102,0.2376,0.2392,0.2384,0.2344,0.2362,0.2353,0.2313,0.2333,0.2323,0.2338,0.2366,0.2352,0.2411,0.2460,0.2435,0.2490,0.2546,0.2518,0.2655,0.2681,0.2668,0.2655,0.2681,0.2668
AAPL,NASDAQ,02/12/14,76.56,0.2102,0.2125,0.2114,0.2160,0.2150,0.2155,0.2428,0.2420,0.2424,0.2394,0.2391,0.2393,0.2356,0.2357,0.2356,0.2372,0.2380,0.2376,0.2438,0.2465,0.2451,0.2517,0.2554,0.2535,0.2685,0.2674,0.2679,0.2685,0.2674,0.2679
AAPL,NASDAQ,02/11/14,76.566,0.2106,0.2107,0.2106,0.2171,0.2158,0.2165,0.2421,0.2409,0.2415,0.2392,0.2386,0.2389,0.2350,0.2350,0.2350,0.2361,0.2372,0.2367,0.2420,0.2454,0.2437,0.2494,0.2537,0.2516,0.2665,0.2660,0.2663,0.2665,0.2660,0.2663
AAPL,NASDAQ,02/10/14,75.57,0.2120,0.2096,0.2108,0.2181,0.2155,0.2168,0.2427,0.2397,0.2412,0.2407,0.2385,0.2396,0.2365,0.2349,0.2357,0.2374,0.2367,0.2371,0.2425,0.2439,0.2432,0.2485,0.2507,0.2496,0.2666,0.2649,0.2657,0.2666,0.2649,0.2657
AAPL,NASDAQ,02/07/14,74.24,0.2187,0.2170,0.2178,0.2246,0.2215,0.2231,0.2470,0.2443,0.2456,0.2477,0.2456,0.2466,0.2428,0.2412,0.2420,0.2428,0.2420,0.2424,0.2476,0.2489,0.2483,0.2543,0.2566,0.2554,0.2696,0.2673,0.2684,0.2696,0.2673,0.2684
AAPL,NASDAQ,02/06/14,73.216,0.2121,0.2106,0.2113,0.2198,0.2173,0.2185,0.2410,0.2385,0.2397,0.2414,0.2395,0.2404,0.2352,0.2338,0.2345,0.2349,0.2343,0.2346,0.2410,0.2426,0.2418,0.2495,0.2520,0.2507,0.2659,0.2649,0.2654,0.2659,0.2649,0.2654
AAPL,NASDAQ,02/05/14,73.227,0.2206,0.2166,0.2186,0.2295,0.2261,0.2278,0.2474,0.2439,0.2456,0.2478,0.2448,0.2463,0.2412,0.2387,0.2400,0.2401,0.2383,0.2392,0.2447,0.2451,0.2449,0.2526,0.2538,0.2532,0.2691,0.2644,0.2668,0.2691,0.2644,0.2668
AAPL,NASDAQ,02/04/14,72.684,0.2231,0.2230,0.2230,0.2329,0.2305,0.2317,0.2488,0.2456,0.2472,0.2492,0.2463,0.2477,0.2419,0.2396,0.2408,0.2400,0.2384,0.2392,0.2434,0.2436,0.2435,0.2502,0.2519,0.2511,0.2666,0.2645,0.2655,0.2666,0.2645,0.2655
AAPL,NASDAQ,02/03/14,71.647,0.2469,0.2403,0.2436,0.2455,0.2391,0.2423,0.2572,0.2506,0.2539,0.2571,0.2512,0.2541,0.2484,0.2437,0.2460,0.2451,0.2413,0.2432,0.2462,0.2444,0.2453,0.2523,0.2521,0.2522,0.2680,0.2650,0.2665,0.2680,0.2650,0.2665
AAPL,NASDAQ,01/31/14,71.514,0.2255,0.2265,0.2260,0.2311,0.2277,0.2294,0.2426,0.2388,0.2407,0.2477,0.2441,0.2459,0.2405,0.2375,0.2390,0.2376,0.2349,0.2363,0.2394,0.2380,0.2387,0.2456,0.2458,0.2457,0.2618,0.2577,0.2597,0.2618,0.2577,0.2597
AAPL,NASDAQ,01/30/14,71.397,0.2382,0.2401,0.2392,0.2408,0.2406,0.2407,0.2502,0.2481,0.2491,0.2558,0.2533,0.2545,0.2483,0.2461,0.2472,0.2455,0.2432,0.2444,0.2492,0.2464,0.2478,0.2530,0.2543,0.2536,0.2678,0.2623,0.2651,0.2678,0.2623,0.2651
AAPL,NASDAQ,01/29/14,71.536,0.2357,0.2285,0.2321,0.2317,0.2243,0.2280,0.2426,0.2346,0.2386,0.2519,0.2442,0.2480,0.2462,0.2395,0.2428,0.2445,0.2386,0.2415,0.2505,0.2465,0.2485,0.2569,0.2552,0.2561,0.2712,0.2633,0.2672,0.2712,0.2633,0.2672
AAPL,NASDAQ,01/28/14,72.357,0.2417,0.2335,0.2376,0.2422,0.2328,0.2375,0.2515,0.2432,0.2474,0.2623,0.2549,0.2586,0.2577,0.2514,0.2545,0.2565,0.2509,0.2537,0.2637,0.2593,0.2615,0.2689,0.2661,0.2675,0.2782,0.2729,0.2755,0.2782,0.2729,0.2755
AAPL,NASDAQ,01/27/14,78.643,0.3277,0.3132,0.3205,0.2893,0.2798,0.2845,0.2850,0.2766,0.2808,0.2890,0.2808,0.2849,0.2805,0.2738,0.2771,0.2761,0.2703,0.2732,0.2766,0.2719,0.2742,0.2787,0.2759,0.2773,0.2844,0.2762,0.2803,0.2844,0.2762,0.2803
AAPL,NASDAQ,01/24/14,78.01,0.3359,0.3235,0.3297,0.2954,0.2867,0.2910,0.2865,0.2787,0.2826,0.2919,0.2837,0.2878,0.2842,0.2778,0.2810,0.2796,0.2744,0.2770,0.2790,0.2748,0.2769,0.2796,0.2774,0.2785,0.2878,0.2787,0.2833,0.2878,0.2787,0.2833
AAPL,NASDAQ,01/23/14,79.454,0.3094,0.3022,0.3058,0.2748,0.2697,0.2722,0.2702,0.2649,0.2676,0.2788,0.2745,0.2767,0.2731,0.2697,0.2714,0.2696,0.2669,0.2683,0.2702,0.2683,0.2692,0.2726,0.2733,0.2730,0.2828,0.2779,0.2804,0.2828,0.2779,0.2804
AAPL,NASDAQ,01/22/14,78.787,0.3133,0.3044,0.3088,0.2788,0.2732,0.2760,0.2752,0.2700,0.2726,0.2829,0.2781,0.2805,0.2762,0.2724,0.2743,0.2720,0.2689,0.2704,0.2723,0.2704,0.2714,0.2750,0.2747,0.2748,0.2861,0.2768,0.2814,0.2862,0.2768,0.2815
AAPL,NASDAQ,01/21/14,78.439,0.3173,0.3086,0.3129,0.2834,0.2779,0.2807,0.2801,0.2749,0.2775,0.2883,0.2844,0.2863,0.2806,0.2773,0.2790,0.2757,0.2728,0.2742,0.2762,0.2744,0.2753,0.2778,0.2782,0.2780,0.2871,0.2809,0.2840,0.2872,0.2809,0.2841
AAPL,NASDAQ,01/17/14,77.239,0.3354,0.3306,0.3330,0.3017,0.2966,0.2992,0.2920,0.2867,0.2894,0.2888,0.2841,0.2864,0.2869,0.2826,0.2847,0.2856,0.2815,0.2836,0.2825,0.2806,0.2815,0.2851,0.2843,0.2847,0.2900,0.2824,0.2862,0.2901,0.2824,0.2862
AAPL,NASDAQ,01/16/14,79.179,0.3129,0.3055,0.3092,0.2825,0.2748,0.2787,0.2763,0.2687,0.2725,0.2744,0.2679,0.2712,0.2733,0.2675,0.2704,0.2725,0.2673,0.2699,0.2725,0.2690,0.2707,0.2747,0.2739,0.2743,0.2862,0.2779,0.2820,0.2863,0.2780,0.2821
AAPL,NASDAQ,01/15/14,79.623,0.3030,0.2965,0.2998,0.2736,0.2687,0.2711,0.2701,0.2647,0.2674,0.2687,0.2646,0.2667,0.2679,0.2647,0.2663,0.2673,0.2647,0.2660,0.2690,0.2677,0.2684,0.2725,0.2729,0.2727,0.2836,0.2786,0.2811,0.2837,0.2787,0.2812
AAPL,NASDAQ,01/14/14,78.056,0.3061,0.2987,0.3024,0.2760,0.2704,0.2732,0.2711,0.2654,0.2682,0.2698,0.2654,0.2676,0.2690,0.2656,0.2673,0.2685,0.2658,0.2671,0.2703,0.2679,0.2691,0.2731,0.2730,0.2731,0.2828,0.2793,0.2811,0.2829,0.2794,0.2812
AAPL,NASDAQ,01/13/14,76.533,0.3256,0.3109,0.3183,0.2874,0.2783,0.2828,0.2792,0.2696,0.2744,0.2767,0.2682,0.2725,0.2753,0.2678,0.2716,0.2744,0.2675,0.2709,0.2743,0.2696,0.2720,0.2769,0.2735,0.2752,0.2832,0.2793,0.2813,0.2833,0.2794,0.2814
AAPL,NASDAQ,01/10/14,76.134,0.3207,0.3113,0.3160,0.2863,0.2793,0.2828,0.2761,0.2693,0.2727,0.2738,0.2676,0.2707,0.2731,0.2675,0.2703,0.2727,0.2675,0.2701,0.2737,0.2703,0.2720,0.2753,0.2746,0.2749,0.2866,0.2810,0.2838,0.2868,0.2811,0.2840
AAPL,NASDAQ,01/09/14,76.646,0.3277,0.3139,0.3208,0.2897,0.2808,0.2853,0.2784,0.2696,0.2740,0.2761,0.2673,0.2717,0.2756,0.2670,0.2713,0.2753,0.2667,0.2710,0.2770,0.2705,0.2737,0.2795,0.2754,0.2774,0.2895,0.2804,0.2849,0.2897,0.2805,0.2851
AAPL,NASDAQ,01/08/14,77.637,0.3240,0.3181,0.3210,0.2895,0.2841,0.2868,0.2794,0.2742,0.2768,0.2773,0.2723,0.2748,0.2769,0.2720,0.2745,0.2766,0.2719,0.2742,0.2786,0.2751,0.2768,0.2809,0.2794,0.2801,0.2921,0.2874,0.2897,0.2923,0.2876,0.2900
AAPL,NASDAQ,01/07/14,77.148,0.3311,0.3220,0.3265,0.2970,0.2890,0.2930,0.2863,0.2787,0.2825,0.2833,0.2758,0.2796,0.2822,0.2749,0.2785,0.2815,0.2742,0.2779,0.2849,0.2792,0.2820,0.2874,0.2848,0.2861,0.2967,0.2902,0.2934,0.2969,0.2903,0.2936
AAPL,NASDAQ,01/06/14,77.704,0.3384,0.3292,0.3338,0.3045,0.2963,0.3004,0.2944,0.2858,0.2901,0.2915,0.2827,0.2871,0.2905,0.2816,0.2860,0.2898,0.2809,0.2853,0.2911,0.2845,0.2878,0.2930,0.2893,0.2912,0.3024,0.2948,0.2986,0.3026,0.2949,0.2988
AAPL,NASDAQ,01/03/14,77.283,0.3466,0.3393,0.3429,0.3160,0.3074,0.3117,0.3036,0.2950,0.2993,0.2992,0.2910,0.2951,0.2971,0.2891,0.2931,0.2957,0.2878,0.2917,0.2943,0.2889,0.2916,0.2964,0.2920,0.2942,0.3022,0.2948,0.2985,0.3024,0.2948,0.2986
AAPL,NASDAQ,01/02/14,79.019,0.3333,0.3270,0.3302,0.3011,0.2926,0.2969,0.2912,0.2829,0.2870,0.2887,0.2809,0.2848,0.2883,0.2810,0.2847,0.2881,0.2811,0.2846,0.2893,0.2845,0.2869,0.2918,0.2890,0.2904,0.3003,0.2943,0.2973,0.3006,0.2945,0.2975
AAPL,NASDAQ,12/31/13,80.146,0.3203,0.3162,0.3183,0.2924,0.2857,0.2891,0.2834,0.2762,0.2798,0.2821,0.2746,0.2784,0.2826,0.2754,0.2790,0.2830,0.2759,0.2794,0.2846,0.2796,0.2821,0.2880,0.2858,0.2869,0.2976,0.2949,0.2962,0.2979,0.2952,0.2965
AAPL,NASDAQ,12/30/13,79.217,0.3303,0.3242,0.3272,0.3013,0.2934,0.2974,0.2900,0.2822,0.2861,0.2879,0.2801,0.2840,0.2876,0.2803,0.2839,0.2874,0.2804,0.2839,0.2888,0.2845,0.2867,0.2911,0.2889,0.2900,0.3000,0.2945,0.2972,0.3003,0.2947,0.2975
AAPL,NASDAQ,12/27/13,80.013,0.3212,0.3168,0.3190,0.2978,0.2906,0.2942,0.2876,0.2804,0.2840,0.2856,0.2782,0.2819,0.2862,0.2792,0.2827,0.2867,0.2799,0.2833,0.2882,0.2838,0.2860,0.2903,0.2879,0.2891,0.2983,0.2939,0.2961,0.2986,0.2941,0.2964
AAPL,NASDAQ,12/26/13,80.557,0.3202,0.3147,0.3175,0.2974,0.2899,0.2936,0.2871,0.2793,0.2832,0.2859,0.2774,0.2816,0.2861,0.2784,0.2823,0.2862,0.2792,0.2827,0.2900,0.2839,0.2869,0.2920,0.2890,0.2905,0.3015,0.2955,0.2985,0.3019,0.2958,0.2988
AAPL,NASDAQ,12/24/13,81.096,0.3117,0.3059,0.3088,0.3002,0.2922,0.2962,0.2909,0.2831,0.2870,0.2890,0.2813,0.2852,0.2895,0.2825,0.2860,0.2898,0.2834,0.2866,0.2911,0.2870,0.2891,0.2927,0.2906,0.2916,0.2991,0.2962,0.2977,0.2994,0.2965,0.2980
AAPL,NASDAQ,12/23/13,81.441,0.3035,0.2971,0.3003,0.2998,0.2916,0.2957,0.2922,0.2833,0.2877,0.2900,0.2810,0.2855,0.2906,0.2826,0.2866,0.2911,0.2836,0.2873,0.2916,0.2871,0.2893,0.2930,0.2907,0.2918,0.2985,0.2961,0.2973,0.2988,0.2963,0.2975
AAPL,NASDAQ,12/20/13,78.431,0.2875,0.2823,0.2849,0.3152,0.3066,0.3109,0.3019,0.2940,0.2979,0.2979,0.2893,0.2936,0.2967,0.2887,0.2927,0.2959,0.2883,0.2921,0.2964,0.2922,0.2943,0.2974,0.2958,0.2966,0.3047,0.3025,0.3036,0.3051,0.3028,0.3039
AAPL,NASDAQ,12/19/13,77.78,0.2843,0.2780,0.2812,0.3158,0.3072,0.3115,0.3032,0.2952,0.2992,0.2978,0.2893,0.2935,0.2959,0.2888,0.2923,0.2947,0.2884,0.2916,0.2961,0.2931,0.2946,0.2981,0.2974,0.2977,0.3051,0.3029,0.3040,0.3055,0.3032,0.3044
AAPL,NASDAQ,12/18/13,78.681,0.2682,0.2670,0.2676,0.3091,0.3045,0.3068,0.3041,0.2987,0.3014,0.2980,0.2922,0.2951,0.2965,0.2909,0.2937,0.2956,0.2901,0.2928,0.2972,0.2948,0.2960,0.2992,0.2997,0.2995,0.3055,0.3068,0.3061,0.3058,0.3071,0.3065
AAPL,NASDAQ,12/17/13,79.284,0.2638,0.2602,0.2620,0.3004,0.2943,0.2973,0.2954,0.2889,0.2922,0.2902,0.2828,0.2865,0.2895,0.2830,0.2862,0.2891,0.2833,0.2862,0.2926,0.2899,0.2912,0.2962,0.2956,0.2959,0.3034,0.3024,0.3029,0.3037,0.3027,0.3032
AAPL,NASDAQ,12/16/13,79.643,0.2568,0.2534,0.2551,0.2962,0.2908,0.2935,0.2931,0.2876,0.2904,0.2874,0.2817,0.2846,0.2872,0.2820,0.2846,0.2873,0.2826,0.2850,0.2916,0.2897,0.2906,0.2956,0.2958,0.2957,0.3036,0.3038,0.3037,0.3040,0.3042,0.3041
AAPL,NASDAQ,12/13/13,79.204,0.2563,0.2513,0.2538,0.2978,0.2911,0.2944,0.2979,0.2909,0.2944,0.2926,0.2852,0.2889,0.2916,0.2851,0.2884,0.2914,0.2857,0.2886,0.2943,0.2914,0.2929,0.2976,0.2965,0.2971,0.3046,0.3040,0.3043,0.3050,0.3045,0.3047
AAPL,NASDAQ,12/12/13,80.077,0.2476,0.2430,0.2453,0.2909,0.2842,0.2876,0.2928,0.2858,0.2893,0.2881,0.2808,0.2845,0.2872,0.2806,0.2839,0.2870,0.2812,0.2841,0.2903,0.2877,0.2890,0.2939,0.2937,0.2938,0.3019,0.3009,0.3014,0.3024,0.3013,0.3019
AAPL,NASDAQ,12/11/13,80.194,0.2513,0.2479,0.2496,0.2889,0.2836,0.2863,0.2908,0.2854,0.2881,0.2864,0.2802,0.2833,0.2860,0.2802,0.2831,0.2863,0.2812,0.2838,0.2899,0.2876,0.2887,0.2933,0.2933,0.2933,0.2999,0.3014,0.3007,0.3003,0.3019,0.3011
AAPL,NASDAQ,12/10/13,80.793,0.2365,0.2304,0.2334,0.2767,0.2696,0.2732,0.2822,0.2747,0.2785,0.2788,0.2710,0.2749,0.2793,0.2718,0.2755,0.2804,0.2735,0.2770,0.2856,0.2814,0.2835,0.2901,0.2884,0.2892,0.2986,0.2974,0.2980,0.2991,0.2979,0.2985
AAPL,NASDAQ,12/09/13,80.919,0.2447,0.2387,0.2417,0.2795,0.2725,0.2760,0.2840,0.2771,0.2805,0.2791,0.2724,0.2757,0.2789,0.2727,0.2758,0.2800,0.2745,0.2772,0.2853,0.2821,0.2837,0.2899,0.2888,0.2894,0.2986,0.2980,0.2983,0.2991,0.2985,0.2988
AAPL,NASDAQ,12/06/13,80.003,0.2530,0.2511,0.2520,0.2862,0.2813,0.2838,0.2922,0.2865,0.2894,0.2873,0.2815,0.2844,0.2862,0.2807,0.2835,0.2868,0.2820,0.2844,0.2906,0.2883,0.2894,0.2945,0.2944,0.2944,0.3011,0.3000,0.3005,0.3015,0.3003,0.3009
AAPL,NASDAQ,12/05/13,81.129,0.2554,0.2500,0.2527,0.2866,0.2794,0.2830,0.2933,0.2858,0.2896,0.2891,0.2820,0.2856,0.2875,0.2810,0.2843,0.2879,0.2818,0.2848,0.2915,0.2875,0.2895,0.2955,0.2934,0.2945,0.3001,0.3009,0.3005,0.3003,0.3014,0.3008
AAPL,NASDAQ,12/04/13,80.714,0.2436,0.2434,0.2435,0.2758,0.2730,0.2744,0.2847,0.2807,0.2827,0.2800,0.2755,0.2778,0.2793,0.2745,0.2769,0.2811,0.2764,0.2788,0.2857,0.2832,0.2844,0.2892,0.2893,0.2892,0.2945,0.2950,0.2947,0.2948,0.2953,0.2951
AAPL,NASDAQ,12/03/13,80.903,0.2457,0.2430,0.2443,0.2705,0.2663,0.2684,0.2803,0.2752,0.2778,0.2759,0.2707,0.2733,0.2746,0.2699,0.2723,0.2756,0.2717,0.2737,0.2798,0.2786,0.2792,0.2840,0.2850,0.2845,0.2903,0.2937,0.2920,0.2907,0.2942,0.2925
AAPL,NASDAQ,12/02/13,78.747,0.2351,0.2291,0.2321,0.2626,0.2560,0.2593,0.2746,0.2677,0.2711,0.2707,0.2641,0.2674,0.2699,0.2637,0.2668,0.2714,0.2657,0.2686,0.2763,0.2729,0.2746,0.2808,0.2796,0.2802,0.2892,0.2900,0.2896,0.2898,0.2907,0.2903
AAPL,NASDAQ,11/29/13,79.439,0.2321,0.2215,0.2268,0.2555,0.2462,0.2508,0.2701,0.2610,0.2656,0.2655,0.2576,0.2615,0.2639,0.2567,0.2603,0.2661,0.2593,0.2627,0.2721,0.2674,0.2697,0.2771,0.2750,0.2761,0.2875,0.2867,0.2871,0.2884,0.2876,0.2880
AAPL,NASDAQ,11/27/13,77.994,0.1989,0.1958,0.1973,0.2333,0.2287,0.2310,0.2541,0.2487,0.2514,0.2512,0.2460,0.2486,0.2511,0.2462,0.2487,0.2547,0.2507,0.2527,0.2637,0.2619,0.2628,0.2712,0.2713,0.2713,0.2843,0.2867,0.2855,0.2853,0.2878,0.2866
AAPL,NASDAQ,11/26/13,76.2,0.2011,0.1912,0.1961,0.2314,0.2229,0.2271,0.2535,0.2452,0.2494,0.2505,0.2432,0.2468,0.2515,0.2442,0.2478,0.2558,0.2490,0.2524,0.2650,0.2603,0.2626,0.2717,0.2695,0.2706,0.2855,0.2855,0.2855,0.2867,0.2868,0.2867
AAPL,NASDAQ,11/25/13,74.82,0.1964,0.1918,0.1941,0.2303,0.2250,0.2276,0.2546,0.2488,0.2517,0.2526,0.2472,0.2499,0.2535,0.2482,0.2508,0.2577,0.2529,0.2553,0.2670,0.2640,0.2655,0.2742,0.2734,0.2738,0.2865,0.2873,0.2869,0.2875,0.2883,0.2879
AAPL,NASDAQ,11/22/13,74.257,0.2041,0.2014,0.2027,0.2266,0.2228,0.2247,0.2541,0.2499,0.2520,0.2531,0.2489,0.2510,0.2541,0.2502,0.2521,0.2589,0.2556,0.2573,0.2689,0.2674,0.2682,0.2768,0.2771,0.2770,0.2903,0.2911,0.2907,0.2914,0.2922,0.2918
AAPL,NASDAQ,11/21/13,74.448,0.2044,0.2002,0.2023,0.2223,0.2183,0.2203,0.2520,0.2474,0.2497,0.2530,0.2482,0.2506,0.2543,0.2495,0.2519,0.2590,0.2551,0.2570,0.2689,0.2669,0.2679,0.2772,0.2767,0.2769,0.2896,0.2914,0.2905,0.2906,0.2926,0.2916
AAPL,NASDAQ,11/20/13,73.571,0.2039,0.1989,0.2014,0.2237,0.2185,0.2211,0.2547,0.2489,0.2518,0.2559,0.2507,0.2533,0.2572,0.2520,0.2546,0.2619,0.2573,0.2596,0.2716,0.2690,0.2703,0.2794,0.2788,0.2791,0.2942,0.2949,0.2945,0.2955,0.2962,0.2959
AAPL,NASDAQ,11/19/13,74.221,0.2062,0.2025,0.2044,0.2243,0.2199,0.2221,0.2558,0.2503,0.2530,0.2579,0.2531,0.2555,0.2594,0.2548,0.2571,0.2638,0.2599,0.2619,0.2730,0.2710,0.2720,0.2806,0.2807,0.2807,0.2944,0.2956,0.2950,0.2957,0.2968,0.2963
AAPL,NASDAQ,11/18/13,74.09,0.2154,0.2098,0.2126,0.2309,0.2256,0.2283,0.2613,0.2557,0.2585,0.2634,0.2582,0.2608,0.2646,0.2596,0.2621,0.2681,0.2639,0.2660,0.2761,0.2741,0.2751,0.2834,0.2837,0.2835,0.2966,0.2979,0.2972,0.2978,0.2991,0.2984
AAPL,NASDAQ,11/15/13,74.999,0.2122,0.2074,0.2098,0.2290,0.2245,0.2268,0.2562,0.2507,0.2535,0.2616,0.2563,0.2589,0.2622,0.2572,0.2597,0.2658,0.2615,0.2636,0.2747,0.2723,0.2735,0.2828,0.2827,0.2828,0.2966,0.2979,0.2972,0.2979,0.2992,0.2986
AAPL,NASDAQ,11/14/13,75.451,0.2103,0.2048,0.2075,0.2268,0.2222,0.2245,0.2541,0.2489,0.2515,0.2605,0.2556,0.2581,0.2613,0.2569,0.2591,0.2653,0.2616,0.2635,0.2753,0.2731,0.2742,0.2840,0.2838,0.2839,0.2997,0.2999,0.2998,0.3012,0.3014,0.3013
AAPL,NASDAQ,11/13/13,74.376,0.2091,0.2058,0.2074,0.2245,0.2205,0.2225,0.2528,0.2484,0.2506,0.2604,0.2559,0.2582,0.2615,0.2570,0.2592,0.2656,0.2619,0.2638,0.2756,0.2740,0.2748,0.2835,0.2843,0.2839,0.2990,0.2996,0.2993,0.3006,0.3010,0.3008
AAPL,NASDAQ,11/12/13,74.287,0.2142,0.2091,0.2117,0.2287,0.2238,0.2263,0.2548,0.2492,0.2520,0.2623,0.2568,0.2595,0.2628,0.2577,0.2603,0.2669,0.2625,0.2647,0.2769,0.2747,0.2758,0.2843,0.2844,0.2843,0.2989,0.2986,0.2987,0.3003,0.2999,0.3001
AAPL,NASDAQ,11/11/13,74.15,0.2142,0.2087,0.2114,0.2309,0.2252,0.2281,0.2546,0.2483,0.2515,0.2623,0.2563,0.2593,0.2630,0.2576,0.2603,0.2664,0.2614,0.2639,0.2756,0.2720,0.2738,0.2837,0.2828,0.2832,0.2984,0.2977,0.2981,0.2999,0.2991,0.2995
AAPL,NASDAQ,11/08/13,74.366,0.2117,0.2098,0.2108,0.2312,0.2276,0.2294,0.2525,0.2481,0.2503,0.2618,0.2573,0.2595,0.2627,0.2583,0.2605,0.2658,0.2620,0.2639,0.2749,0.2732,0.2740,0.2827,0.2832,0.2829,0.2975,0.2978,0.2977,0.2991,0.2992,0.2991
AAPL,NASDAQ,11/07/13,73.213,0.2266,0.2207,0.2237,0.2418,0.2360,0.2389,0.2613,0.2553,0.2583,0.2701,0.2640,0.2671,0.2697,0.2637,0.2667,0.2721,0.2666,0.2693,0.2803,0.2768,0.2785,0.2871,0.2864,0.2868,0.2999,0.2990,0.2994,0.3013,0.3001,0.3007
AAPL,NASDAQ,11/06/13,74.417,0.2227,0.2216,0.2221,0.2402,0.2376,0.2389,0.2590,0.2552,0.2571,0.2681,0.2638,0.2660,0.2677,0.2634,0.2655,0.2702,0.2664,0.2683,0.2794,0.2776,0.2785,0.2869,0.2875,0.2872,0.3001,0.3010,0.3005,0.3015,0.3022,0.3019
AAPL,NASDAQ,11/05/13,75.064,0.2338,0.2294,0.2316,0.2463,0.2407,0.2435,0.2624,0.2560,0.2592,0.2708,0.2643,0.2675,0.2693,0.2635,0.2664,0.2711,0.2663,0.2687,0.2798,0.2776,0.2787,0.2871,0.2874,0.2872,0.3015,0.2996,0.3006,0.3032,0.3008,0.3020
AAPL,NASDAQ,11/04/13,75.25,0.2343,0.2313,0.2328,0.2449,0.2408,0.2428,0.2605,0.2554,0.2580,0.2701,0.2646,0.2674,0.2688,0.2638,0.2663,0.2707,0.2665,0.2686,0.2803,0.2781,0.2792,0.2875,0.2878,0.2877,0.3018,0.3014,0.3016,0.3034,0.3027,0.3031
AAPL,NASDAQ,11/01/13,74.29,0.2474,0.2434,0.2454,0.2510,0.2464,0.2487,0.2616,0.2562,0.2589,0.2727,0.2667,0.2697,0.2721,0.2668,0.2694,0.2739,0.2693,0.2716,0.2840,0.2816,0.2828,0.2919,0.2921,0.2920,0.3055,0.3054,0.3054,0.3070,0.3067,0.3068
AAPL,NASDAQ,10/31/13,74.672,0.2429,0.2422,0.2426,0.2495,0.2468,0.2482,0.2600,0.2557,0.2579,0.2719,0.2670,0.2694,0.2712,0.2667,0.2689,0.2729,0.2691,0.2710,0.2836,0.2824,0.2830,0.2910,0.2919,0.2914,0.3056,0.3038,0.3047,0.3073,0.3049,0.3061
AAPL,NASDAQ,10/30/13,74.985,0.2512,0.2479,0.2496,0.2545,0.2499,0.2522,0.2624,0.2571,0.2597,0.2741,0.2682,0.2711,0.2733,0.2679,0.2706,0.2747,0.2699,0.2723,0.2852,0.2823,0.2838,0.2927,0.2921,0.2924,0.3066,0.3052,0.3059,0.3083,0.3065,0.3074
AAPL,NASDAQ,10/29/13,73.811,0.2585,0.2558,0.2571,0.2600,0.2545,0.2572,0.2663,0.2611,0.2637,0.2775,0.2728,0.2752,0.2774,0.2730,0.2752,0.2786,0.2747,0.2766,0.2873,0.2848,0.2861,0.2951,0.2927,0.2939,0.3103,0.3058,0.3081,0.3122,0.3073,0.3097
AAPL,NASDAQ,10/28/13,75.697,0.3427,0.3349,0.3388,0.2979,0.2916,0.2948,0.2872,0.2833,0.2852,0.2945,0.2893,0.2919,0.2919,0.2854,0.2886,0.2904,0.2839,0.2871,0.2896,0.2882,0.2889,0.2956,0.2971,0.2964,0.3078,0.3105,0.3092,0.3094,0.3119,0.3107
AAPL,NASDAQ,10/25/13,75.137,0.3559,0.3453,0.3506,0.3043,0.2960,0.3002,0.2917,0.2835,0.2876,0.2984,0.2908,0.2946,0.2941,0.2868,0.2905,0.2918,0.2850,0.2884,0.2948,0.2909,0.2928,0.3015,0.2998,0.3006,0.3130,0.3116,0.3123,0.3144,0.3129,0.3136
AAPL,NASDAQ,10/24/13,75.987,0.3299,0.3211,0.3255,0.2913,0.2830,0.2871,0.2815,0.2734,0.2774,0.2911,0.2838,0.2875,0.2890,0.2818,0.2854,0.2881,0.2811,0.2846,0.2928,0.2880,0.2904,0.2993,0.2977,0.2985,0.3110,0.3091,0.3101,0.3124,0.3102,0.3113
AAPL,NASDAQ,10/23/13,74.994,0.3341,0.3329,0.3335,0.2928,0.2884,0.2906,0.2841,0.2806,0.2823,0.2904,0.2867,0.2885,0.2888,0.2851,0.2870,0.2880,0.2844,0.2862,0.2937,0.2923,0.2930,0.3009,0.3021,0.3015,0.3122,0.3133,0.3128,0.3135,0.3144,0.3140
AAPL,NASDAQ,10/22/13,74.267,0.3358,0.3383,0.3371,0.2917,0.2911,0.2914,0.2779,0.2779,0.2779,0.2844,0.2835,0.2840,0.2843,0.2830,0.2837,0.2843,0.2827,0.2835,0.2897,0.2912,0.2904,0.2974,0.2998,0.2986,0.3108,0.3114,0.3111,0.3125,0.3126,0.3126
AAPL,NASDAQ,10/21/13,74.48,0.3270,0.3233,0.3252,0.2879,0.2846,0.2862,0.2796,0.2769,0.2782,0.2887,0.2842,0.2864,0.2876,0.2838,0.2857,0.2864,0.2832,0.2848,0.2904,0.2893,0.2898,0.2976,0.2986,0.2981,0.3096,0.3103,0.3100,0.3111,0.3116,0.3113
AAPL,NASDAQ,10/18/13,72.699,0.3131,0.3080,0.3105,0.2784,0.2736,0.2760,0.2717,0.2675,0.2696,0.2767,0.2722,0.2744,0.2799,0.2752,0.2775,0.2820,0.2772,0.2796,0.2877,0.2855,0.2866,0.2951,0.2955,0.2953,0.3081,0.3086,0.3084,0.3098,0.3100,0.3099
AAPL,NASDAQ,10/17/13,72.071,0.2876,0.2940,0.2908,0.2645,0.2678,0.2661,0.2618,0.2640,0.2629,0.2682,0.2694,0.2688,0.2724,0.2730,0.2727,0.2751,0.2753,0.2752,0.2823,0.2842,0.2833,0.2906,0.2948,0.2927,0.3062,0.3082,0.3072,0.3083,0.3096,0.3090
AAPL,NASDAQ,10/16/13,71.588,0.3154,0.2874,0.3014,0.2807,0.2600,0.2704,0.2758,0.2586,0.2672,0.2801,0.2647,0.2724,0.2832,0.2687,0.2760,0.2852,0.2714,0.2783,0.2903,0.2808,0.2856,0.2986,0.2927,0.2956,0.3144,0.3076,0.3110,0.3166,0.3091,0.3129
AAPL,NASDAQ,10/15/13,71.24,0.3022,0.3079,0.3050,0.2755,0.2783,0.2769,0.2727,0.2747,0.2737,0.2777,0.2785,0.2781,0.2812,0.2812,0.2812,0.2835,0.2830,0.2833,0.2888,0.2903,0.2896,0.2969,0.3007,0.2988,0.3126,0.3131,0.3129,0.3147,0.3144,0.3145
AAPL,NASDAQ,10/14/13,70.863,0.3122,0.3069,0.3095,0.2821,0.2769,0.2795,0.2763,0.2715,0.2739,0.2804,0.2755,0.2780,0.2837,0.2788,0.2812,0.2859,0.2810,0.2834,0.2918,0.2895,0.2906,0.2999,0.3005,0.3002,0.3145,0.3142,0.3144,0.3165,0.3156,0.3160
AAPL,NASDAQ,10/11/13,70.402,0.3176,0.3144,0.3160,0.2900,0.2859,0.2879,0.2836,0.2792,0.2814,0.2861,0.2817,0.2839,0.2888,0.2844,0.2866,0.2906,0.2862,0.2884,0.2961,0.2941,0.2951,0.3033,0.3038,0.3036,0.3167,0.3159,0.3163,0.3185,0.3171,0.3178
AAPL,NASDAQ,10/10/13,69.948,0.3338,0.3223,0.3281,0.3014,0.2913,0.2963,0.2925,0.2837,0.2881,0.2932,0.2851,0.2892,0.2949,0.2871,0.2910,0.2960,0.2884,0.2922,0.3010,0.2965,0.2987,0.3072,0.3052,0.3062,0.3188,0.3169,0.3179,0.3205,0.3182,0.3193
AAPL,NASDAQ,10/09/13,69.513,0.3445,0.3415,0.3430,0.3055,0.3014,0.3035,0.2932,0.2892,0.2912,0.2930,0.2890,0.2910,0.2947,0.2906,0.2927,0.2958,0.2917,0.2937,0.3005,0.2984,0.2994,0.3068,0.3072,0.3070,0.3195,0.3175,0.3185,0.3214,0.3184,0.3199
AAPL,NASDAQ,10/08/13,68.706,0.3320,0.3535,0.3427,0.2952,0.3086,0.3019,0.2848,0.2949,0.2899,0.2857,0.2937,0.2897,0.2879,0.2945,0.2912,0.2893,0.2950,0.2922,0.2956,0.3016,0.2986,0.3029,0.3102,0.3065,0.3161,0.3205,0.3183,0.3180,0.3215,0.3197
AAPL,NASDAQ,10/07/13,69.679,0.3342,0.3163,0.3253,0.2992,0.2849,0.2920,0.2870,0.2745,0.2807,0.2867,0.2754,0.2811,0.2892,0.2787,0.2840,0.2909,0.2808,0.2859,0.2976,0.2905,0.2941,0.3052,0.3013,0.3033,0.3203,0.3137,0.3170,0.3226,0.3148,0.3187
AAPL,NASDAQ,10/04/13,69.004,0.3187,0.3142,0.3164,0.2890,0.2841,0.2866,0.2798,0.2746,0.2772,0.2799,0.2749,0.2774,0.2827,0.2778,0.2802,0.2845,0.2797,0.2821,0.2925,0.2899,0.2912,0.3009,0.3004,0.3006,0.3174,0.3127,0.3150,0.3199,0.3137,0.3168
AAPL,NASDAQ,10/03/13,69.059,0.3249,0.3192,0.3221,0.2933,0.2874,0.2903,0.2830,0.2770,0.2800,0.2821,0.2765,0.2793,0.2841,0.2788,0.2815,0.2854,0.2803,0.2829,0.2928,0.2904,0.2916,0.3004,0.2999,0.3002,0.3161,0.3117,0.3139,0.3186,0.3128,0.3157
AAPL,NASDAQ,10/02/13,69.937,0.3201,0.3168,0.3184,0.2896,0.2849,0.2872,0.2802,0.2754,0.2778,0.2801,0.2757,0.2779,0.2825,0.2784,0.2804,0.2840,0.2802,0.2821,0.2923,0.2899,0.2911,0.3004,0.3000,0.3002,0.3173,0.3133,0.3153,0.3200,0.3146,0.3173
AAPL,NASDAQ,10/01/13,69.709,0.3234,0.3277,0.3255,0.2932,0.2944,0.2938,0.2829,0.2828,0.2829,0.2819,0.2812,0.2815,0.2841,0.2832,0.2836,0.2856,0.2845,0.2850,0.2931,0.2933,0.2932,0.3007,0.3027,0.3017,0.3173,0.3150,0.3161,0.3200,0.3162,0.3181
AAPL,NASDAQ,09/30/13,68.107,0.3362,0.3338,0.3350,0.3039,0.3006,0.3023,0.2920,0.2881,0.2901,0.2903,0.2865,0.2884,0.2918,0.2880,0.2899,0.2928,0.2889,0.2909,0.2987,0.2964,0.2976,0.3058,0.3051,0.3055,0.3209,0.3174,0.3191,0.3233,0.3188,0.3210
AAPL,NASDAQ,09/27/13,68.964,0.3243,0.3209,0.3226,0.2946,0.2906,0.2926,0.2829,0.2786,0.2807,0.2812,0.2774,0.2793,0.2838,0.2800,0.2819,0.2855,0.2816,0.2836,0.2948,0.2926,0.2937,0.3034,0.3026,0.3030,0.3189,0.3155,0.3172,0.3213,0.3169,0.3191
AAPL,NASDAQ,09/26/13,69.46,0.3205,0.3158,0.3182,0.2906,0.2863,0.2884,0.2802,0.2751,0.2777,0.2782,0.2737,0.2760,0.2814,0.2773,0.2793,0.2836,0.2796,0.2816,0.2928,0.2909,0.2919,0.3013,0.3009,0.3011,0.3187,0.3153,0.3170,0.3217,0.3170,0.3194
AAPL,NASDAQ,09/25/13,68.79,0.3287,0.3229,0.3258,0.2951,0.2897,0.2924,0.2828,0.2771,0.2800,0.2796,0.2747,0.2771,0.2824,0.2781,0.2803,0.2843,0.2804,0.2824,0.2936,0.2915,0.2926,0.3023,0.3019,0.3021,0.3191,0.3159,0.3175,0.3219,0.3175,0.3197
AAPL,NASDAQ,09/24/13,69.871,0.3145,0.3096,0.3121,0.2908,0.2850,0.2879,0.2808,0.2749,0.2779,0.2785,0.2731,0.2758,0.2817,0.2766,0.2792,0.2839,0.2790,0.2814,0.2935,0.2915,0.2925,0.3033,0.3030,0.3032,0.3233,0.3203,0.3218,0.3266,0.3225,0.3245
AAPL,NASDAQ,09/23/13,70.091,0.3161,0.3105,0.3133,0.2971,0.2915,0.2943,0.2865,0.2803,0.2834,0.2844,0.2781,0.2813,0.2877,0.2820,0.2848,0.2899,0.2845,0.2872,0.2993,0.2963,0.2978,0.3079,0.3069,0.3074,0.3265,0.3231,0.3248,0.3298,0.3253,0.3276
AAPL,NASDAQ,09/20/13,66.773,0.2905,0.2918,0.2912,0.3003,0.3002,0.3002,0.2868,0.2849,0.2859,0.2840,0.2815,0.2827,0.2879,0.2852,0.2866,0.2905,0.2877,0.2891,0.3028,0.3010,0.3019,0.3118,0.3108,0.3113,0.3271,0.3251,0.3261,0.3297,0.3272,0.3285
AAPL,NASDAQ,09/19/13,67.471,0.2758,0.2705,0.2731,0.2961,0.2907,0.2934,0.2834,0.2769,0.2802,0.2815,0.2763,0.2789,0.2860,0.2809,0.2835,0.2890,0.2840,0.2865,0.3007,0.2978,0.2993,0.3091,0.3078,0.3084,0.3256,0.3219,0.3237,0.3287,0.3239,0.3263
AAPL,NASDAQ,09/18/13,66.383,0.2655,0.2628,0.2641,0.2966,0.2931,0.2949,0.2836,0.2791,0.2814,0.2804,0.2758,0.2781,0.2840,0.2801,0.2821,0.2866,0.2831,0.2848,0.2976,0.2969,0.2973,0.3056,0.3072,0.3064,0.3230,0.3225,0.3227,0.3264,0.3248,0.3256
AAPL,NASDAQ,09/17/13,65.046,0.2632,0.2601,0.2617,0.2946,0.2913,0.2929,0.2800,0.2756,0.2778,0.2759,0.2715,0.2737,0.2812,0.2769,0.2791,0.2851,0.2809,0.2830,0.2975,0.2956,0.2965,0.3060,0.3061,0.3060,0.3242,0.3220,0.3231,0.3279,0.3245,0.3262
AAPL,NASDAQ,09/16/13,64.303,0.2757,0.2737,0.2747,0.3038,0.3004,0.3021,0.2894,0.2847,0.2870,0.2849,0.2808,0.2828,0.2893,0.2853,0.2873,0.2929,0.2888,0.2908,0.3036,0.3016,0.3026,0.3109,0.3109,0.3109,0.3287,0.3256,0.3272,0.3325,0.3280,0.3303
AAPL,NASDAQ,09/13/13,66.414,0.2602,0.2566,0.2584,0.2935,0.2894,0.2914,0.2848,0.2801,0.2825,0.2794,0.2746,0.2770,0.2829,0.2785,0.2807,0.2865,0.2826,0.2845,0.2979,0.2958,0.2969,0.3063,0.3056,0.3059,0.3128,0.3131,0.3129,0.3128,0.3131,0.3129
AAPL,NASDAQ,09/12/13,67.527,0.2636,0.2602,0.2619,0.2953,0.2922,0.2938,0.2871,0.2828,0.2849,0.2812,0.2768,0.2790,0.2840,0.2806,0.2823,0.2873,0.2848,0.2861,0.2982,0.2975,0.2979,0.3064,0.3067,0.3066,0.3128,0.3140,0.3134,0.3128,0.3140,0.3134
AAPL,NASDAQ,09/11/13,66.816,0.2848,0.2796,0.2822,0.3040,0.2998,0.3019,0.2928,0.2876,0.2902,0.2854,0.2802,0.2828,0.2869,0.2825,0.2847,0.2895,0.2857,0.2876,0.2994,0.2972,0.2983,0.3073,0.3063,0.3068,0.3135,0.3134,0.3135,0.3135,0.3134,0.3135
AAPL,NASDAQ,09/10/13,70.663,0.2888,0.2858,0.2873,0.3027,0.2979,0.3003,0.2914,0.2866,0.2890,0.2850,0.2811,0.2830,0.2861,0.2831,0.2846,0.2879,0.2857,0.2868,0.2960,0.2956,0.2958,0.3029,0.3036,0.3033,0.3084,0.3100,0.3092,0.3084,0.3100,0.3092
AAPL,NASDAQ,09/09/13,72.31,0.2960,0.2932,0.2946,0.3032,0.3003,0.3018,0.2942,0.2905,0.2924,0.2870,0.2834,0.2852,0.2873,0.2845,0.2859,0.2892,0.2871,0.2881,0.2976,0.2972,0.2974,0.3049,0.3059,0.3054,0.3107,0.3127,0.3117,0.3107,0.3127,0.3117
AAPL,NASDAQ,09/06/13,71.174,0.2990,0.2959,0.2974,0.3051,0.3015,0.3033,0.2993,0.2954,0.2973,0.2911,0.2877,0.2894,0.2905,0.2878,0.2891,0.2925,0.2902,0.2914,0.3001,0.2995,0.2998,0.3067,0.3078,0.3073,0.3121,0.3145,0.3133,0.3121,0.3145,0.3133
AAPL,NASDAQ,09/05/13,70.753,0.2947,0.2930,0.2939,0.2998,0.2977,0.2987,0.2947,0.2920,0.2934,0.2866,0.2840,0.2853,0.2860,0.2840,0.2850,0.2881,0.2867,0.2874,0.2963,0.2962,0.2963,0.3037,0.3046,0.3041,0.3097,0.3113,0.3105,0.3097,0.3113,0.3105
AAPL,NASDAQ,09/04/13,71.242,0.2933,0.2896,0.2914,0.2978,0.2935,0.2956,0.2938,0.2894,0.2916,0.2850,0.2808,0.2829,0.2833,0.2799,0.2816,0.2843,0.2818,0.2831,0.2917,0.2911,0.2914,0.2995,0.3004,0.3000,0.3059,0.3079,0.3069,0.3059,0.3079,0.3069
AAPL,NASDAQ,09/03/13,69.797,0.2999,0.2971,0.2985,0.2999,0.2967,0.2983,0.2944,0.2910,0.2927,0.2839,0.2805,0.2822,0.2816,0.2790,0.2803,0.2835,0.2816,0.2825,0.2916,0.2918,0.2917,0.2997,0.3015,0.3006,0.3063,0.3095,0.3079,0.3063,0.3095,0.3079
AAPL,NASDAQ,08/30/13,69.602,0.2951,0.2941,0.2946,0.2946,0.2924,0.2935,0.2943,0.2918,0.2930,0.2839,0.2813,0.2826,0.2812,0.2792,0.2802,0.2827,0.2813,0.2820,0.2900,0.2903,0.2901,0.2981,0.2997,0.2989,0.3049,0.3076,0.3063,0.3049,0.3076,0.3063
AAPL,NASDAQ,08/29/13,70.243,0.2880,0.2850,0.2865,0.2875,0.2841,0.2858,0.2898,0.2862,0.2880,0.2801,0.2765,0.2783,0.2770,0.2742,0.2756,0.2789,0.2766,0.2778,0.2862,0.2854,0.2858,0.2939,0.2943,0.2941,0.3003,0.3019,0.3011,0.3003,0.3019,0.3011
AAPL,NASDAQ,08/28/13,70.128,0.2926,0.2930,0.2928,0.2874,0.2864,0.2869,0.2902,0.2888,0.2895,0.2805,0.2786,0.2795,0.2772,0.2758,0.2765,0.2789,0.2782,0.2786,0.2862,0.2872,0.2867,0.2945,0.2967,0.2956,0.3014,0.3047,0.3031,0.3014,0.3047,0.3031
AAPL,NASDAQ,08/27/13,69.799,0.2991,0.3028,0.3010,0.2896,0.2910,0.2903,0.2928,0.2933,0.2930,0.2832,0.2828,0.2830,0.2797,0.2801,0.2799,0.2813,0.2820,0.2816,0.2879,0.2894,0.2887,0.2954,0.2979,0.2967,0.3019,0.3052,0.3035,0.3019,0.3052,0.3035
AAPL,NASDAQ,08/26/13,71.853,0.2779,0.2765,0.2772,0.2752,0.2725,0.2738,0.2816,0.2788,0.2802,0.2734,0.2706,0.2720,0.2698,0.2676,0.2687,0.2718,0.2706,0.2712,0.2792,0.2798,0.2795,0.2874,0.2892,0.2883,0.2943,0.2973,0.2958,0.2943,0.2973,0.2958
AAPL,NASDAQ,08/23/13,71.574,0.2747,0.2731,0.2739,0.2690,0.2664,0.2677,0.2792,0.2763,0.2777,0.2710,0.2676,0.2693,0.2665,0.2638,0.2652,0.2684,0.2668,0.2676,0.2762,0.2762,0.2762,0.2858,0.2868,0.2863,0.2942,0.2959,0.2950,0.2942,0.2959,0.2950
AAPL,NASDAQ,08/22/13,71.851,0.2827,0.2787,0.2807,0.2727,0.2686,0.2706,0.2832,0.2792,0.2812,0.2738,0.2698,0.2718,0.2675,0.2641,0.2658,0.2697,0.2674,0.2686,0.2774,0.2771,0.2772,0.2868,0.2878,0.2873,0.2949,0.2969,0.2959,0.2949,0.2969,0.2959
AAPL,NASDAQ,08/21/13,71.766,0.2895,0.2836,0.2866,0.2752,0.2698,0.2725,0.2864,0.2816,0.2840,0.2763,0.2725,0.2744,0.2691,0.2665,0.2678,0.2710,0.2692,0.2701,0.2784,0.2781,0.2782,0.2884,0.2887,0.2885,0.2970,0.2979,0.2975,0.2970,0.2979,0.2975
AAPL,NASDAQ,08/20/13,71.581,0.2961,0.2909,0.2935,0.2770,0.2723,0.2747,0.2880,0.2831,0.2855,0.2766,0.2721,0.2744,0.2698,0.2663,0.2680,0.2717,0.2691,0.2704,0.2784,0.2775,0.2780,0.2871,0.2873,0.2872,0.2948,0.2959,0.2953,0.2948,0.2959,0.2953
AAPL,NASDAQ,08/19/13,72.534,0.2981,0.2932,0.2957,0.2752,0.2706,0.2729,0.2865,0.2823,0.2844,0.2740,0.2700,0.2720,0.2681,0.2648,0.2665,0.2697,0.2672,0.2684,0.2762,0.2752,0.2757,0.2850,0.2853,0.2852,0.2928,0.2941,0.2935,0.2928,0.2941,0.2935
AAPL,NASDAQ,08/16/13,71.761,0.2824,0.2810,0.2817,0.2657,0.2630,0.2644,0.2787,0.2762,0.2774,0.2704,0.2681,0.2692,0.2648,0.2626,0.2637,0.2659,0.2643,0.2651,0.2727,0.2725,0.2726,0.2824,0.2838,0.2831,0.2911,0.2938,0.2924,0.2911,0.2938,0.2924
AAPL,NASDAQ,08/15/13,71.13,0.2755,0.2739,0.2747,0.2638,0.2609,0.2624,0.2777,0.2750,0.2763,0.2699,0.2676,0.2687,0.2641,0.2620,0.2630,0.2656,0.2640,0.2648,0.2734,0.2729,0.2731,0.2833,0.2838,0.2835,0.2920,0.2935,0.2928,0.2920,0.2935,0.2928
AAPL,NASDAQ,08/14/13,71.214,0.2688,0.2645,0.2666,0.2625,0.2587,0.2606,0.2746,0.2710,0.2728,0.2666,0.2635,0.2650,0.2601,0.2573,0.2587,0.2620,0.2596,0.2608,0.2706,0.2694,0.2700,0.2802,0.2802,0.2802,0.2887,0.2898,0.2893,0.2887,0.2898,0.2893
AAPL,NASDAQ,08/13/13,69.939,0.2547,0.2492,0.2520,0.2530,0.2487,0.2508,0.2652,0.2616,0.2634,0.2593,0.2553,0.2573,0.2539,0.2494,0.2516,0.2553,0.2520,0.2536,0.2639,0.2628,0.2633,0.2753,0.2739,0.2746,0.2855,0.2839,0.2847,0.2855,0.2839,0.2847
AAPL,NASDAQ,08/12/13,66.766,0.2234,0.2195,0.2214,0.2355,0.2315,0.2335,0.2529,0.2492,0.2511,0.2512,0.2477,0.2494,0.2480,0.2445,0.2463,0.2502,0.2474,0.2488,0.2595,0.2582,0.2588,0.2704,0.2698,0.2701,0.2802,0.2802,0.2802,0.2802,0.2802,0.2802
AAPL,NASDAQ,08/09/13,64.921,0.2054,0.2036,0.2045,0.2170,0.2143,0.2157,0.2367,0.2341,0.2354,0.2398,0.2376,0.2387,0.2383,0.2363,0.2373,0.2419,0.2403,0.2411,0.2547,0.2543,0.2545,0.2667,0.2670,0.2668,0.2774,0.2785,0.2780,0.2774,0.2785,0.2780
AAPL,NASDAQ,08/08/13,65.859,0.2092,0.2069,0.2081,0.2183,0.2160,0.2171,0.2368,0.2343,0.2355,0.2403,0.2378,0.2391,0.2385,0.2360,0.2372,0.2418,0.2397,0.2407,0.2551,0.2542,0.2547,0.2683,0.2679,0.2681,0.2801,0.2803,0.2802,0.2801,0.2803,0.2802
AAPL,NASDAQ,08/07/13,66.426,0.2189,0.2162,0.2175,0.2235,0.2212,0.2223,0.2404,0.2376,0.2390,0.2439,0.2413,0.2426,0.2414,0.2393,0.2403,0.2440,0.2423,0.2431,0.2563,0.2557,0.2560,0.2688,0.2691,0.2689,0.2801,0.2812,0.2807,0.2801,0.2812,0.2807
AAPL,NASDAQ,08/06/13,66.464,0.2222,0.2165,0.2194,0.2258,0.2208,0.2233,0.2418,0.2371,0.2395,0.2457,0.2416,0.2436,0.2427,0.2390,0.2409,0.2454,0.2423,0.2438,0.2591,0.2573,0.2582,0.2713,0.2699,0.2706,0.2824,0.2814,0.2819,0.2824,0.2814,0.2819
AAPL,NASDAQ,08/05/13,67.064,0.2289,0.2261,0.2275,0.2324,0.2295,0.2309,0.2454,0.2425,0.2439,0.2479,0.2450,0.2465,0.2441,0.2412,0.2426,0.2451,0.2426,0.2439,0.2559,0.2545,0.2552,0.2682,0.2674,0.2678,0.2796,0.2793,0.2794,0.2796,0.2793,0.2794
AAPL,NASDAQ,08/02/13,66.077,0.2163,0.2122,0.2142,0.2226,0.2186,0.2206,0.2378,0.2334,0.2356,0.2447,0.2404,0.2426,0.2409,0.2372,0.2390,0.2414,0.2383,0.2398,0.2529,0.2512,0.2520,0.2661,0.2656,0.2658,0.2783,0.2788,0.2785,0.2783,0.2788,0.2785
AAPL,NASDAQ,08/01/13,65.239,0.2149,0.2140,0.2145,0.2185,0.2178,0.2182,0.2329,0.2312,0.2321,0.2421,0.2400,0.2411,0.2404,0.2384,0.2394,0.2415,0.2400,0.2407,0.2525,0.2526,0.2526,0.2672,0.2676,0.2674,0.2807,0.2814,0.2810,0.2807,0.2814,0.2810
AAPL,NASDAQ,07/31/13,64.647,0.2213,0.2166,0.2190,0.2224,0.2183,0.2204,0.2371,0.2326,0.2348,0.2475,0.2430,0.2452,0.2447,0.2406,0.2427,0.2453,0.2419,0.2436,0.2570,0.2562,0.2566,0.2704,0.2703,0.2704,0.2830,0.2835,0.2832,0.2830,0.2835,0.2832
AAPL,NASDAQ,07/30/13,64.76,0.2223,0.2167,0.2195,0.2238,0.2191,0.2214,0.2379,0.2330,0.2355,0.2477,0.2428,0.2453,0.2438,0.2393,0.2415,0.2436,0.2397,0.2417,0.2554,0.2537,0.2546,0.2677,0.2668,0.2673,0.2793,0.2791,0.2792,0.2793,0.2791,0.2792
AAPL,NASDAQ,07/29/13,63.97,0.2253,0.2204,0.2229,0.2244,0.2199,0.2221,0.2364,0.2319,0.2341,0.2473,0.2429,0.2451,0.2449,0.2408,0.2428,0.2448,0.2410,0.2429,0.2541,0.2516,0.2529,0.2658,0.2645,0.2652,0.2768,0.2766,0.2767,0.2768,0.2766,0.2767
AAPL,NASDAQ,07/26/13,62.999,0.2105,0.2088,0.2097,0.2173,0.2149,0.2161,0.2277,0.2253,0.2265,0.2427,0.2403,0.2415,0.2410,0.2383,0.2397,0.2411,0.2383,0.2397,0.2530,0.2515,0.2522,0.2657,0.2654,0.2656,0.2778,0.2787,0.2782,0.2778,0.2787,0.2782
AAPL,NASDAQ,07/25/13,62.643,0.2204,0.2163,0.2183,0.2223,0.2187,0.2205,0.2308,0.2270,0.2289,0.2482,0.2429,0.2456,0.2455,0.2414,0.2434,0.2447,0.2415,0.2431,0.2581,0.2564,0.2573,0.2702,0.2695,0.2699,0.2818,0.2820,0.2819,0.2818,0.2820,0.2819
AAPL,NASDAQ,07/24/13,62.93,0.2197,0.2142,0.2169,0.2195,0.2142,0.2169,0.2261,0.2216,0.2239,0.2442,0.2399,0.2421,0.2424,0.2383,0.2404,0.2419,0.2380,0.2400,0.2543,0.2510,0.2526,0.2656,0.2643,0.2649,0.2765,0.2770,0.2767,0.2765,0.2770,0.2767
AAPL,NASDAQ,07/23/13,59.856,0.2940,0.2928,0.2934,0.2558,0.2522,0.2540,0.2524,0.2487,0.2506,0.2629,0.2586,0.2608,0.2585,0.2545,0.2565,0.2560,0.2522,0.2541,0.2637,0.2598,0.2617,0.2746,0.2718,0.2732,0.2851,0.2834,0.2842,0.2851,0.2834,0.2842
AAPL,NASDAQ,07/22/13,60.901,0.2823,0.2797,0.2810,0.2527,0.2501,0.2514,0.2460,0.2436,0.2448,0.2582,0.2540,0.2561,0.2546,0.2515,0.2530,0.2524,0.2500,0.2512,0.2615,0.2601,0.2608,0.2725,0.2726,0.2725,0.2833,0.2846,0.2840,0.2833,0.2846,0.2840
AAPL,NASDAQ,07/19/13,60.707,0.2855,0.2812,0.2833,0.2586,0.2544,0.2565,0.2495,0.2457,0.2476,0.2523,0.2487,0.2505,0.2542,0.2507,0.2524,0.2555,0.2520,0.2537,0.2626,0.2612,0.2619,0.2734,0.2728,0.2731,0.2843,0.2845,0.2844,0.2843,0.2845,0.2844
AAPL,NASDAQ,07/18/13,61.68,0.2692,0.2656,0.2674,0.2447,0.2410,0.2428,0.2392,0.2362,0.2377,0.2440,0.2410,0.2425,0.2473,0.2442,0.2457,0.2494,0.2463,0.2479,0.2565,0.2549,0.2557,0.2678,0.2674,0.2676,0.2794,0.2802,0.2798,0.2794,0.2802,0.2798
AAPL,NASDAQ,07/17/13,61.473,0.2728,0.2704,0.2716,0.2448,0.2421,0.2434,0.2382,0.2356,0.2369,0.2427,0.2402,0.2414,0.2460,0.2435,0.2448,0.2482,0.2457,0.2470,0.2542,0.2532,0.2537,0.2657,0.2656,0.2657,0.2776,0.2785,0.2780,0.2776,0.2785,0.2780
AAPL,NASDAQ,07/16/13,61.456,0.2813,0.2764,0.2788,0.2524,0.2477,0.2501,0.2463,0.2425,0.2444,0.2493,0.2456,0.2475,0.2517,0.2481,0.2499,0.2532,0.2498,0.2515,0.2603,0.2586,0.2595,0.2707,0.2704,0.2705,0.2817,0.2826,0.2822,0.2817,0.2826,0.2822
AAPL,NASDAQ,07/15/13,61.063,0.2936,0.2882,0.2909,0.2614,0.2562,0.2588,0.2535,0.2492,0.2513,0.2555,0.2513,0.2534,0.2575,0.2534,0.2554,0.2588,0.2547,0.2568,0.2649,0.2626,0.2637,0.2764,0.2752,0.2758,0.2887,0.2886,0.2887,0.2887,0.2886,0.2887
